[{"fields": {"codename": "add_logentry", "name": "Can add log entry", "content_type": ["admin", "logentry"]}, "model": "auth.permission", "pk": 1}, {"fields": {"codename": "change_logentry", "name": "Can change log entry", "content_type": ["admin", "logentry"]}, "model": "auth.permission", "pk": 2}, {"fields": {"codename": "delete_logentry", "name": "Can delete log entry", "content_type": ["admin", "logentry"]}, "model": "auth.permission", "pk": 3}, {"fields": {"codename": "add_permission", "name": "Can add permission", "content_type": ["auth", "permission"]}, "model": "auth.permission", "pk": 4}, {"fields": {"codename": "change_permission", "name": "Can change permission", "content_type": ["auth", "permission"]}, "model": "auth.permission", "pk": 5}, {"fields": {"codename": "delete_permission", "name": "Can delete permission", "content_type": ["auth", "permission"]}, "model": "auth.permission", "pk": 6}, {"fields": {"codename": "add_group", "name": "Can add group", "content_type": ["auth", "group"]}, "model": "auth.permission", "pk": 7}, {"fields": {"codename": "change_group", "name": "Can change group", "content_type": ["auth", "group"]}, "model": "auth.permission", "pk": 8}, {"fields": {"codename": "delete_group", "name": "Can delete group", "content_type": ["auth", "group"]}, "model": "auth.permission", "pk": 9}, {"fields": {"codename": "add_contenttype", "name": "Can add content type", "content_type": ["contenttypes", "contenttype"]}, "model": "auth.permission", "pk": 13}, {"fields": {"codename": "change_contenttype", "name": "Can change content type", "content_type": ["contenttypes", "contenttype"]}, "model": "auth.permission", "pk": 14}, {"fields": {"codename": "delete_contenttype", "name": "Can delete content type", "content_type": ["contenttypes", "contenttype"]}, "model": "auth.permission", "pk": 15}, {"fields": {"codename": "add_session", "name": "Can add session", "content_type": ["sessions", "session"]}, "model": "auth.permission", "pk": 16}, {"fields": {"codename": "change_session", "name": "Can change session", "content_type": ["sessions", "session"]}, "model": "auth.permission", "pk": 17}, {"fields": {"codename": "delete_session", "name": "Can delete session", "content_type": ["sessions", "session"]}, "model": "auth.permission", "pk": 18}, {"fields": {"codename": "add_billingdetails", "name": "Can add billing details", "content_type": ["core", "billingdetails"]}, "model": "auth.permission", "pk": 19}, {"fields": {"codename": "change_billingdetails", "name": "Can change billing details", "content_type": ["core", "billingdetails"]}, "model": "auth.permission", "pk": 20}, {"fields": {"codename": "delete_billingdetails", "name": "Can delete billing details", "content_type": ["core", "billingdetails"]}, "model": "auth.permission", "pk": 21}, {"fields": {"codename": "add_cart", "name": "Can add cart", "content_type": ["core", "cart"]}, "model": "auth.permission", "pk": 22}, {"fields": {"codename": "change_cart", "name": "Can change cart", "content_type": ["core", "cart"]}, "model": "auth.permission", "pk": 23}, {"fields": {"codename": "delete_cart", "name": "Can delete cart", "content_type": ["core", "cart"]}, "model": "auth.permission", "pk": 24}, {"fields": {"codename": "add_menuitem", "name": "Can add menu item", "content_type": ["core", "menuitem"]}, "model": "auth.permission", "pk": 25}, {"fields": {"codename": "change_menuitem", "name": "Can change menu item", "content_type": ["core", "menuitem"]}, "model": "auth.permission", "pk": 26}, {"fields": {"codename": "delete_menuitem", "name": "Can delete menu item", "content_type": ["core", "menuitem"]}, "model": "auth.permission", "pk": 27}, {"fields": {"codename": "add_cartitem", "name": "Can add cart item", "content_type": ["core", "cartitem"]}, "model": "auth.permission", "pk": 28}, {"fields": {"codename": "change_cartitem", "name": "Can change cart item", "content_type": ["core", "cartitem"]}, "model": "auth.permission", "pk": 29}, {"fields": {"codename": "delete_cartitem", "name": "Can delete cart item", "content_type": ["core", "cartitem"]}, "model": "auth.permission", "pk": 30}, {"fields": {"codename": "add_basket", "name": "Can add basket", "content_type": ["core", "basket"]}, "model": "auth.permission", "pk": 31}, {"fields": {"codename": "change_basket", "name": "Can change basket", "content_type": ["core", "basket"]}, "model": "auth.permission", "pk": 32}, {"fields": {"codename": "delete_basket", "name": "Can delete basket", "content_type": ["core", "basket"]}, "model": "auth.permission", "pk": 33}, {"fields": {"codename": "add_customer", "name": "Can add customer", "content_type": ["core", "customer"]}, "model": "auth.permission", "pk": 34}, {"fields": {"codename": "change_customer", "name": "Can change customer", "content_type": ["core", "customer"]}, "model": "auth.permission", "pk": 35}, {"fields": {"codename": "delete_customer", "name": "Can delete customer", "content_type": ["core", "customer"]}, "model": "auth.permission", "pk": 36}, {"fields": {"codename": "add_transaction", "name": "Can add transaction", "content_type": ["django_pesapal", "transaction"]}, "model": "auth.permission", "pk": 40}, {"fields": {"codename": "change_transaction", "name": "Can change transaction", "content_type": ["django_pesapal", "transaction"]}, "model": "auth.permission", "pk": 41}, {"fields": {"codename": "delete_transaction", "name": "Can delete transaction", "content_type": ["django_pesapal", "transaction"]}, "model": "auth.permission", "pk": 42}, {"fields": {"codename": "add_pesapal", "name": "Can add pesa pal", "content_type": ["core", "pesapal"]}, "model": "auth.permission", "pk": 43}, {"fields": {"codename": "change_pesapal", "name": "Can change pesa pal", "content_type": ["core", "pesapal"]}, "model": "auth.permission", "pk": 44}, {"fields": {"codename": "delete_pesapal", "name": "Can delete pesa pal", "content_type": ["core", "pesapal"]}, "model": "auth.permission", "pk": 45}, {"fields": {"expire_date": "2016-09-29T23:06:43.067Z", "session_data": "NDcxYzYxMTUwMTk1ZGFiZWNhNzkzOTQ4ZWQyYThkZGU1ZTFkYjAzNzp7fQ=="}, "model": "sessions.session", "pk": "2yyv22brktvaaotejujoxchmzp9qtfwg"}, {"fields": {"expire_date": "2016-10-04T14:06:31.236Z", "session_data": "YWU1NTBmMzM0MzEwYWUzNTE1ZDAzNzQxNDYwZTE4MTE1NGY3MmJmZjp7IkNBUlQtSUQiOjExfQ=="}, "model": "sessions.session", "pk": "42j2wpq5gj0krvgxgj8hy7wi5k5ya9pq"}, {"fields": {"expire_date": "2016-09-29T23:04:15.433Z", "session_data": "NDcxYzYxMTUwMTk1ZGFiZWNhNzkzOTQ4ZWQyYThkZGU1ZTFkYjAzNzp7fQ=="}, "model": "sessions.session", "pk": "4wdq9vm3ozzosp38rxwswy31m0ae8ny7"}, {"fields": {"expire_date": "2016-10-01T18:57:29.988Z", "session_data": "YjYyOTU4MjdkMDU4N2JjMmFhZTUyNjkwMWJmMDAyMDI2YzIwODM2Mjp7IkNBUlQtSUQiOjd9"}, "model": "sessions.session", "pk": "ay02y68b82wirtbqzo284vlwqshb4j8j"}, {"fields": {"expire_date": "2016-10-02T18:19:06.602Z", "session_data": "NDcxYzYxMTUwMTk1ZGFiZWNhNzkzOTQ4ZWQyYThkZGU1ZTFkYjAzNzp7fQ=="}, "model": "sessions.session", "pk": "c6e5nfh9ic7xp2q2vnlab3o0u6cn8r13"}, {"fields": {"expire_date": "2016-10-02T18:19:02.012Z", "session_data": "NDcxYzYxMTUwMTk1ZGFiZWNhNzkzOTQ4ZWQyYThkZGU1ZTFkYjAzNzp7fQ=="}, "model": "sessions.session", "pk": "jfyxaiwdsf9k62l6b8r8x2o0xwggy4oc"}, {"fields": {"expire_date": "2016-10-08T00:57:06.128Z", "session_data": "ZmJkN2JjYmIxNTE1YmMwMmZjMjVjZGM4NzE4MjU0MWU5ODQ5YTlhYzp7Il9hdXRoX3VzZXJfaGFzaCI6IjYxYmIzOGMyOTFiNzc2YjkzNzZjNTRlMjNhZGMyMjFmOTQ2MDM5YjciLCJDQVJULUlEIjoxNSwiX2F1dGhfdXNlcl9pZCI6MSwiX2F1dGhfdXNlcl9iYWNrZW5kIjoiZGphbmdvLmNvbnRyaWIuYXV0aC5iYWNrZW5kcy5Nb2RlbEJhY2tlbmQifQ=="}, "model": "sessions.session", "pk": "ma1ydvsknkc31lym4xjbbno3a7sna1fu"}, {"fields": {"expire_date": "2016-10-06T23:27:25.083Z", "session_data": "NDAwYWM0MDg0OGEwMmI2ZTdkYTIxODc5ZDIzOGRiYjBjNmZhZDI3Njp7IkNBUlQtSUQiOjEyLCJfYXV0aF91c2VyX2hhc2giOiI2MWJiMzhjMjkxYjc3NmI5Mzc2YzU0ZTIzYWRjMjIxZjk0NjAzOWI3IiwiX2F1dGhfdXNlcl9iYWNrZW5kIjoiZGphbmdvLmNvbnRyaWIuYXV0aC5iYWNrZW5kcy5Nb2RlbEJhY2tlbmQiLCJfYXV0aF91c2VyX2lkIjoxfQ=="}, "model": "sessions.session", "pk": "ts581w5wtxxw7vked5vnrm82pmmjr4b1"}, {"fields": {"expire_date": "2016-09-13T22:58:49.802Z", "session_data": "NThmOTY0NzE3YjViZmZkM2Y4MTQ1MmExNjRmYWNlNTc0ZWQ2NTJlNzp7IkNBUlQtSUQiOjJ9"}, "model": "sessions.session", "pk": "voc0t3xdiz0u5ribn1hb2o92jasbvq2n"}, {"fields": {"expire_date": "2016-09-12T18:35:20.896Z", "session_data": "ZmE4ZDU2OTE3ZjAyNjRlOGQ1NTlhYzAxMjAxY2RiMmU1YTdmOTk2Mjp7Il9hdXRoX3VzZXJfaGFzaCI6IjhmMzVjNTMzN2YwNjlmYmQ5YzE4OGQ4ZjM0MmJlMzczODM4NDFkYzciLCJDQVJULUlEIjoxLCJfYXV0aF91c2VyX2lkIjoxLCJfYXV0aF91c2VyX2JhY2tlbmQiOiJkamFuZ28uY29udHJpYi5hdXRoLmJhY2tlbmRzLk1vZGVsQmFja2VuZCJ9"}, "model": "sessions.session", "pk": "yhkjtja3jhv98gs0s60uxd2ssz5pxfm9"}, {"fields": {"address_line2": "Near Barracks", "is_postpaid": true, "first_name": "Peterson", "last_name": "Harry", "is_active": true, "balance": null, "address_line1": "Lukuli Makindye", "last_login": "2016-09-24T00:51:08.169Z", "is_admin": true, "password": "pbkdf2_sha256$12000$8wuSRi2S0bzO$PcQ5k9JEdE12LSNr0x2P2SKFMXeWcDbmWyOO3y71BIY=", "email": "wanyaland@gmail.com"}, "model": "core.customer", "pk": 1}, {"fields": {"address_line2": null, "phone_number": null, "first_name": null, "address_line1": null, "company": null, "longitude": null, "customer": null, "last_name": null, "latitude": null, "phone_number2": null, "email": null, "delivery_date": "2016-09-19"}, "model": "core.billingdetails", "pk": 1}, {"fields": {"address_line2": null, "phone_number": null, "first_name": null, "address_line1": null, "company": null, "longitude": null, "customer": null, "last_name": null, "latitude": null, "phone_number2": null, "email": null, "delivery_date": "2016-09-19"}, "model": "core.billingdetails", "pk": 2}, {"fields": {"address_line2": null, "phone_number": null, "first_name": null, "address_line1": null, "company": null, "longitude": null, "customer": null, "last_name": null, "latitude": null, "phone_number2": null, "email": null, "delivery_date": "2016-09-19"}, "model": "core.billingdetails", "pk": 3}, {"fields": {"address_line2": null, "phone_number": null, "first_name": null, "address_line1": null, "company": null, "longitude": null, "customer": null, "last_name": null, "latitude": null, "phone_number2": null, "email": null, "delivery_date": "2016-09-19"}, "model": "core.billingdetails", "pk": 4}, {"fields": {"address_line2": null, "phone_number": null, "first_name": null, "address_line1": null, "company": null, "longitude": null, "customer": null, "last_name": null, "latitude": null, "phone_number2": null, "email": null, "delivery_date": "2016-09-19"}, "model": "core.billingdetails", "pk": 5}, {"fields": {"address_line2": null, "phone_number": null, "first_name": null, "address_line1": null, "company": null, "longitude": null, "customer": null, "last_name": null, "latitude": null, "phone_number2": null, "email": null, "delivery_date": "2016-09-19"}, "model": "core.billingdetails", "pk": 6}, {"fields": {"address_line2": null, "phone_number": null, "first_name": null, "address_line1": null, "company": null, "longitude": null, "customer": null, "last_name": null, "latitude": null, "phone_number2": null, "email": null, "delivery_date": "2016-09-19"}, "model": "core.billingdetails", "pk": 7}, {"fields": {"address_line2": null, "phone_number": null, "first_name": null, "address_line1": null, "company": null, "longitude": null, "customer": null, "last_name": null, "latitude": null, "phone_number2": null, "email": null, "delivery_date": "2016-09-19"}, "model": "core.billingdetails", "pk": 8}, {"fields": {"address_line2": null, "phone_number": null, "first_name": null, "address_line1": null, "company": null, "longitude": null, "customer": null, "last_name": null, "latitude": null, "phone_number2": null, "email": null, "delivery_date": "2016-09-19"}, "model": "core.billingdetails", "pk": 9}, {"fields": {"address_line2": null, "phone_number": null, "first_name": null, "address_line1": null, "company": null, "longitude": null, "customer": null, "last_name": null, "latitude": null, "phone_number2": null, "email": null, "delivery_date": "2016-09-19"}, "model": "core.billingdetails", "pk": 10}, {"fields": {"address_line2": null, "phone_number": null, "first_name": null, "address_line1": null, "company": null, "longitude": null, "customer": null, "last_name": null, "latitude": null, "phone_number2": null, "email": null, "delivery_date": "2016-09-19"}, "model": "core.billingdetails", "pk": 11}, {"fields": {"address_line2": null, "phone_number": null, "first_name": null, "address_line1": null, "company": null, "longitude": null, "customer": null, "last_name": null, "latitude": null, "phone_number2": null, "email": null, "delivery_date": "2016-09-19"}, "model": "core.billingdetails", "pk": 12}, {"fields": {"address_line2": null, "phone_number": null, "first_name": null, "address_line1": null, "company": null, "longitude": null, "customer": null, "last_name": null, "latitude": null, "phone_number2": null, "email": null, "delivery_date": "2016-09-19"}, "model": "core.billingdetails", "pk": 13}, {"fields": {"address_line2": null, "phone_number": null, "first_name": null, "address_line1": null, "company": null, "longitude": null, "customer": null, "last_name": null, "latitude": null, "phone_number2": null, "email": null, "delivery_date": "2016-09-19"}, "model": "core.billingdetails", "pk": 14}, {"fields": {"address_line2": null, "phone_number": null, "first_name": null, "address_line1": null, "company": null, "longitude": null, "customer": null, "last_name": null, "latitude": null, "phone_number2": null, "email": null, "delivery_date": "2016-09-19"}, "model": "core.billingdetails", "pk": 15}, {"fields": {"address_line2": null, "phone_number": null, "first_name": null, "address_line1": null, "company": null, "longitude": null, "customer": null, "last_name": null, "latitude": null, "phone_number2": null, "email": null, "delivery_date": "2016-09-19"}, "model": "core.billingdetails", "pk": 16}, {"fields": {"address_line2": null, "phone_number": null, "first_name": null, "address_line1": null, "company": null, "longitude": null, "customer": null, "last_name": null, "latitude": null, "phone_number2": null, "email": null, "delivery_date": "2016-09-19"}, "model": "core.billingdetails", "pk": 17}, {"fields": {"address_line2": null, "phone_number": null, "first_name": null, "address_line1": null, "company": null, "longitude": null, "customer": null, "last_name": null, "latitude": null, "phone_number2": null, "email": null, "delivery_date": "2016-09-19"}, "model": "core.billingdetails", "pk": 18}, {"fields": {"address_line2": null, "phone_number": null, "first_name": null, "address_line1": null, "company": null, "longitude": null, "customer": null, "last_name": null, "latitude": null, "phone_number2": null, "email": null, "delivery_date": "2016-09-19"}, "model": "core.billingdetails", "pk": 19}, {"fields": {"address_line2": null, "phone_number": null, "first_name": null, "address_line1": null, "company": null, "longitude": null, "customer": null, "last_name": null, "latitude": null, "phone_number2": null, "email": null, "delivery_date": "2016-09-19"}, "model": "core.billingdetails", "pk": 20}, {"fields": {"address_line2": null, "phone_number": null, "first_name": null, "address_line1": null, "company": null, "longitude": null, "customer": null, "last_name": null, "latitude": null, "phone_number2": null, "email": null, "delivery_date": "2016-09-19"}, "model": "core.billingdetails", "pk": 21}, {"fields": {"address_line2": null, "phone_number": null, "first_name": null, "address_line1": null, "company": null, "longitude": null, "customer": null, "last_name": null, "latitude": null, "phone_number2": null, "email": null, "delivery_date": "2016-09-19"}, "model": "core.billingdetails", "pk": 22}, {"fields": {"address_line2": null, "phone_number": null, "first_name": null, "address_line1": null, "company": null, "longitude": null, "customer": null, "last_name": null, "latitude": null, "phone_number2": null, "email": null, "delivery_date": "2016-09-19"}, "model": "core.billingdetails", "pk": 23}, {"fields": {"address_line2": null, "phone_number": null, "first_name": null, "address_line1": null, "company": null, "longitude": null, "customer": null, "last_name": null, "latitude": null, "phone_number2": null, "email": null, "delivery_date": "2016-09-19"}, "model": "core.billingdetails", "pk": 24}, {"fields": {"address_line2": null, "phone_number": null, "first_name": null, "address_line1": null, "company": null, "longitude": null, "customer": null, "last_name": null, "latitude": null, "phone_number2": null, "email": null, "delivery_date": "2016-09-19"}, "model": "core.billingdetails", "pk": 25}, {"fields": {"address_line2": null, "phone_number": null, "first_name": null, "address_line1": null, "company": null, "longitude": null, "customer": null, "last_name": null, "latitude": null, "phone_number2": null, "email": null, "delivery_date": "2016-09-19"}, "model": "core.billingdetails", "pk": 26}, {"fields": {"address_line2": null, "phone_number": null, "first_name": null, "address_line1": null, "company": null, "longitude": null, "customer": null, "last_name": null, "latitude": null, "phone_number2": null, "email": null, "delivery_date": "2016-09-19"}, "model": "core.billingdetails", "pk": 27}, {"fields": {"address_line2": null, "phone_number": null, "first_name": null, "address_line1": null, "company": null, "longitude": null, "customer": null, "last_name": null, "latitude": null, "phone_number2": null, "email": null, "delivery_date": "2016-09-19"}, "model": "core.billingdetails", "pk": 28}, {"fields": {"address_line2": null, "phone_number": null, "first_name": null, "address_line1": null, "company": null, "longitude": null, "customer": null, "last_name": null, "latitude": null, "phone_number2": null, "email": null, "delivery_date": "2016-09-19"}, "model": "core.billingdetails", "pk": 29}, {"fields": {"address_line2": null, "phone_number": null, "first_name": null, "address_line1": null, "company": null, "longitude": null, "customer": null, "last_name": null, "latitude": null, "phone_number2": null, "email": null, "delivery_date": "2016-09-19"}, "model": "core.billingdetails", "pk": 30}, {"fields": {"address_line2": null, "phone_number": null, "first_name": null, "address_line1": null, "company": null, "longitude": null, "customer": null, "last_name": null, "latitude": null, "phone_number2": null, "email": null, "delivery_date": "2016-09-19"}, "model": "core.billingdetails", "pk": 31}, {"fields": {"address_line2": null, "phone_number": null, "first_name": null, "address_line1": null, "company": null, "longitude": null, "customer": null, "last_name": null, "latitude": null, "phone_number2": null, "email": null, "delivery_date": "2016-09-19"}, "model": "core.billingdetails", "pk": 32}, {"fields": {"address_line2": null, "phone_number": null, "first_name": null, "address_line1": null, "company": null, "longitude": null, "customer": null, "last_name": null, "latitude": null, "phone_number2": null, "email": null, "delivery_date": "2016-09-19"}, "model": "core.billingdetails", "pk": 33}, {"fields": {"address_line2": null, "phone_number": null, "first_name": null, "address_line1": null, "company": null, "longitude": null, "customer": null, "last_name": null, "latitude": null, "phone_number2": null, "email": null, "delivery_date": "2016-09-19"}, "model": "core.billingdetails", "pk": 34}, {"fields": {"address_line2": null, "phone_number": null, "first_name": null, "address_line1": null, "company": null, "longitude": null, "customer": null, "last_name": null, "latitude": null, "phone_number2": null, "email": null, "delivery_date": "2016-09-19"}, "model": "core.billingdetails", "pk": 35}, {"fields": {"address_line2": null, "phone_number": null, "first_name": null, "address_line1": null, "company": null, "longitude": null, "customer": null, "last_name": null, "latitude": null, "phone_number2": null, "email": null, "delivery_date": "2016-09-19"}, "model": "core.billingdetails", "pk": 36}, {"fields": {"address_line2": null, "phone_number": null, "first_name": null, "address_line1": null, "company": null, "longitude": null, "customer": null, "last_name": null, "latitude": null, "phone_number2": null, "email": null, "delivery_date": "2016-09-19"}, "model": "core.billingdetails", "pk": 37}, {"fields": {"address_line2": null, "phone_number": null, "first_name": null, "address_line1": null, "company": null, "longitude": null, "customer": null, "last_name": null, "latitude": null, "phone_number2": null, "email": null, "delivery_date": "2016-09-19"}, "model": "core.billingdetails", "pk": 38}, {"fields": {"address_line2": "", "phone_number": "", "first_name": "None", "address_line1": "", "company": null, "longitude": null, "customer": null, "last_name": "None", "latitude": null, "phone_number2": "", "email": "wanyaland@gmail.com", "delivery_date": "2016-09-23"}, "model": "core.billingdetails", "pk": 39}, {"fields": {"address_line2": "", "phone_number": "", "first_name": "Harold", "address_line1": "", "company": null, "longitude": null, "customer": null, "last_name": "Wanyama", "latitude": null, "phone_number2": "", "email": "wanyaland@gmail.com", "delivery_date": "2016-09-23"}, "model": "core.billingdetails", "pk": 40}, {"fields": {"payment_id": null, "checked_out": false, "creation_date": "2016-08-29T18:35:20.701Z", "delivery": null, "payment_type": null, "billing_details": null}, "model": "core.cart", "pk": 1}, {"fields": {"payment_id": null, "checked_out": false, "creation_date": "2016-08-30T22:58:47.804Z", "delivery": null, "payment_type": null, "billing_details": null}, "model": "core.cart", "pk": 2}, {"fields": {"payment_id": null, "checked_out": false, "creation_date": "2016-09-14T18:21:23.364Z", "delivery": null, "payment_type": null, "billing_details": null}, "model": "core.cart", "pk": 3}, {"fields": {"payment_id": null, "checked_out": false, "creation_date": "2016-09-15T20:15:58.163Z", "delivery": null, "payment_type": null, "billing_details": null}, "model": "core.cart", "pk": 4}, {"fields": {"payment_id": null, "checked_out": false, "creation_date": "2016-09-15T23:36:34.677Z", "delivery": null, "payment_type": null, "billing_details": null}, "model": "core.cart", "pk": 5}, {"fields": {"payment_id": null, "checked_out": false, "creation_date": "2016-09-17T06:16:34.154Z", "delivery": null, "payment_type": null, "billing_details": null}, "model": "core.cart", "pk": 6}, {"fields": {"payment_id": null, "checked_out": false, "creation_date": "2016-09-17T18:57:29.424Z", "delivery": null, "payment_type": null, "billing_details": null}, "model": "core.cart", "pk": 7}, {"fields": {"payment_id": null, "checked_out": false, "creation_date": "2016-09-18T11:16:13.576Z", "delivery": null, "payment_type": null, "billing_details": null}, "model": "core.cart", "pk": 8}, {"fields": {"payment_id": null, "checked_out": false, "creation_date": "2016-09-18T11:21:31.559Z", "delivery": null, "payment_type": null, "billing_details": null}, "model": "core.cart", "pk": 9}, {"fields": {"payment_id": null, "checked_out": false, "creation_date": "2016-09-18T18:19:59.258Z", "delivery": null, "payment_type": null, "billing_details": null}, "model": "core.cart", "pk": 10}, {"fields": {"payment_id": null, "checked_out": false, "creation_date": "2016-09-20T14:06:30.532Z", "delivery": null, "payment_type": null, "billing_details": null}, "model": "core.cart", "pk": 11}, {"fields": {"payment_id": null, "checked_out": false, "creation_date": "2016-09-21T22:06:34.896Z", "delivery": null, "payment_type": null, "billing_details": null}, "model": "core.cart", "pk": 12}, {"fields": {"payment_id": null, "checked_out": false, "creation_date": "2016-09-21T22:28:00.581Z", "delivery": null, "payment_type": null, "billing_details": null}, "model": "core.cart", "pk": 13}, {"fields": {"payment_id": null, "checked_out": false, "creation_date": "2016-09-23T18:23:10.260Z", "delivery": null, "payment_type": null, "billing_details": null}, "model": "core.cart", "pk": 14}, {"fields": {"payment_id": null, "checked_out": false, "creation_date": "2016-09-24T00:57:03.252Z", "delivery": null, "payment_type": null, "billing_details": null}, "model": "core.cart", "pk": 15}, {"fields": {"name": "Fillet steak Bento", "menu_type": "M", "image": "brown_food/2016/08/29/01.JPG", "unit_price": "33000", "content": "Beef fillet steak 95g,\r\nTakikomi gohan 200g,\r\nGreen salad,potato salad,\r\nDessert of the day", "description": "Grilled, steamed beef tenderloin steak with red wine sauce\t\t\r\n\t\t\r\n\t\t\r\n\t\t\r\n"}, "model": "core.menuitem", "pk": 1}, {"fields": {"name": "Hamburg Bento", "menu_type": "M", "image": "brown_food/2016/08/29/02.JPG", "unit_price": "25000", "content": "Stewed Hamburger 145g,\r\nSpaghetti peperoncino 180g,\r\nGreen salad,\r\npotato salad,\r\nDessert of the day", "description": "Juicy hamburger steak blended exquisitely with pork and beef\t\t\r\n\t\t\r\n\t\t\r\n\t\t\r\n"}, "model": "core.menuitem", "pk": 2}, {"fields": {"name": "Karaage Bento", "menu_type": "M", "image": "brown_food/2016/08/29/03.JPG", "unit_price": "35000", "content": "Deep-fried chicken 100g,\r\nVegetable fried rice 200g,\r\nGreen salad,potato salad\r\nDessert of the day", "description": "Deep fried chicken thigh with soaking in garlic soy sauce\t\t\r\n\t\t\r\n\t\t\r\n\t\t\r\n"}, "model": "core.menuitem", "pk": 3}, {"fields": {"name": "Beef Curry Bento", "menu_type": "M", "image": "brown_food/2016/08/29/04.JPG", "unit_price": "25000", "content": "Beef Curry 385g,\r\nSteamed rice 200g,\r\nDessert of the day,", "description": "Mild curry rice with pressure-cooked beef and plenty of vegetables\t\t\r\n\t\t\r\n\t\t\r\n"}, "model": "core.menuitem", "pk": 4}, {"fields": {"name": "Tonkatstu Bento", "menu_type": "M", "image": "brown_food/2016/08/29/05.JPG", "unit_price": "35000", "content": "Pork cutlet 110g,\r\nSteamed rice 200g,\r\nGreen salad,potato salad,\r\nDessert of the day", "description": "Marinated pork cutlet coated home-made bread crumbs\t\t\r\n\t\t\r\n\t\t\r\n\t\t\r\n"}, "model": "core.menuitem", "pk": 5}, {"fields": {"name": "Fried fish Bento", "menu_type": "M", "image": "brown_food/2016/09/15/06.JPG", "unit_price": "33000", "content": "Deep-fried tilapia 120g,\r\nChirasi Sushi 200g,\r\nGreen salad,potato salad,\r\nDessert of the day,", "description": "Fried fresh tilapia fillet coated home-made bread crumbs\t\t\r\n\t\t\r\n\t\t\r\n\t\t\r\n"}, "model": "core.menuitem", "pk": 6}, {"fields": {"name": "Gyudon Bento", "menu_type": "M", "image": "brown_food/2016/09/15/07.JPG", "unit_price": "25000", "content": "Beef bowl 390g,\r\nGreen salad,croquette,\r\nDessert of the day,", "description": "Rice bowl  topped with sliced beef, onion and special soy sauce\t\t\r\n\t\t\r\n\t\t\r\n\r\n"}, "model": "core.menuitem", "pk": 7}, {"fields": {"name": "Oyakodon Bento", "menu_type": "M", "image": "brown_food/2016/09/15/08.JPG", "unit_price": "25000", "content": "Chicken and egg bowl 450g,\r\nGreen salad,croquette,\r\nDessert of the day", "description": "Rice bowl topped with diced chicken and egg  sweet soy sauce\t\t\r\n\t\t\r\n\t\t\r\n"}, "model": "core.menuitem", "pk": 8}, {"fields": {"name": "Omlette Bento", "menu_type": "M", "image": "brown_food/2016/09/15/09.JPG", "unit_price": "22000", "content": "Cheese Omlette 175g,\r\nSpaghetti napolitan 180g,\r\nGreen salad,potato salad,\r\nDessert of the day", "description": "Melting cheese omlett of york eggs with baked mushroom\t\t\r\n\t\t\r\n\t\t\r\n\t\t\r\n"}, "model": "core.menuitem", "pk": 9}, {"fields": {"name": "Okonomiyaki Bento", "menu_type": "M", "image": "brown_food/2016/09/15/10.JPG", "unit_price": "22000", "content": "Cheese Okonomiyaki 240g,\r\nSpaghetti napolitan 180g,\r\nGreen salad,potato salad,\r\nDessert of the day", "description": "A grilled flour based mixture with cabbage coated with cheese\t\t\r\n\t\t\r\n\t\t\r\n\t\t\r\n"}, "model": "core.menuitem", "pk": 10}, {"fields": {"name": "Chirashi Sushi L 200g", "menu_type": "S", "image": "", "unit_price": "6000", "content": null, "description": "L 200g"}, "model": "core.menuitem", "pk": 11}, {"fields": {"name": "Chirashi Sushi S 100g", "menu_type": "S", "image": "", "unit_price": "4000", "content": null, "description": "S 100g"}, "model": "core.menuitem", "pk": 12}, {"fields": {"name": "Takikomi gohan L 200g", "menu_type": "S", "image": "", "unit_price": "5000", "content": null, "description": ""}, "model": "core.menuitem", "pk": 13}, {"fields": {"name": "Takikomi gohan S 100g", "menu_type": "S", "image": "", "unit_price": "3000", "content": null, "description": ""}, "model": "core.menuitem", "pk": 14}, {"fields": {"name": "Vegetable fried rice L 200g", "menu_type": "S", "image": "", "unit_price": "8000", "content": null, "description": ""}, "model": "core.menuitem", "pk": 15}, {"fields": {"name": "Vegetable fried rice S 100g", "menu_type": "S", "image": "", "unit_price": "5000", "content": null, "description": ""}, "model": "core.menuitem", "pk": 16}, {"fields": {"name": "Spaghetti napolitan L 180g", "menu_type": "S", "image": "", "unit_price": "7500", "content": null, "description": ""}, "model": "core.menuitem", "pk": 17}, {"fields": {"name": "Spaghetti napolitan S 90g", "menu_type": "S", "image": "", "unit_price": "4000", "content": null, "description": ""}, "model": "core.menuitem", "pk": 18}, {"fields": {"name": "Spaghetti peperoncino L 180g", "menu_type": "S", "image": "", "unit_price": "8000", "content": null, "description": ""}, "model": "core.menuitem", "pk": 19}, {"fields": {"name": "Spaghetti peperoncino S 90g", "menu_type": "S", "image": "", "unit_price": "5000", "content": null, "description": ""}, "model": "core.menuitem", "pk": 20}, {"fields": {"menu_item": 1, "unit_price": 33000, "cart": 1, "quantity": 6}, "model": "core.cartitem", "pk": 1}, {"fields": {"menu_item": 3, "unit_price": 35000, "cart": 1, "quantity": 4}, "model": "core.cartitem", "pk": 2}, {"fields": {"menu_item": 2, "unit_price": 25000, "cart": 1, "quantity": 17}, "model": "core.cartitem", "pk": 3}, {"fields": {"menu_item": 5, "unit_price": 35000, "cart": 1, "quantity": 6}, "model": "core.cartitem", "pk": 4}, {"fields": {"menu_item": 4, "unit_price": 25000, "cart": 1, "quantity": 11}, "model": "core.cartitem", "pk": 5}, {"fields": {"menu_item": 1, "unit_price": 33000, "cart": 5, "quantity": 9}, "model": "core.cartitem", "pk": 6}, {"fields": {"menu_item": 2, "unit_price": 25000, "cart": 5, "quantity": 1}, "model": "core.cartitem", "pk": 7}, {"fields": {"menu_item": 3, "unit_price": 35000, "cart": 5, "quantity": 1}, "model": "core.cartitem", "pk": 8}, {"fields": {"menu_item": 1, "unit_price": 33000, "cart": 6, "quantity": 18}, "model": "core.cartitem", "pk": 9}, {"fields": {"menu_item": 2, "unit_price": 25000, "cart": 6, "quantity": 13}, "model": "core.cartitem", "pk": 10}, {"fields": {"menu_item": 3, "unit_price": 35000, "cart": 6, "quantity": 3}, "model": "core.cartitem", "pk": 11}, {"fields": {"menu_item": 7, "unit_price": 25000, "cart": 6, "quantity": 3}, "model": "core.cartitem", "pk": 12}, {"fields": {"menu_item": 8, "unit_price": 25000, "cart": 6, "quantity": 7}, "model": "core.cartitem", "pk": 13}, {"fields": {"menu_item": 1, "unit_price": 33000, "cart": 7, "quantity": 6}, "model": "core.cartitem", "pk": 14}, {"fields": {"menu_item": 9, "unit_price": 22000, "cart": 6, "quantity": 44}, "model": "core.cartitem", "pk": 15}, {"fields": {"menu_item": 10, "unit_price": 22000, "cart": 6, "quantity": 32}, "model": "core.cartitem", "pk": 16}, {"fields": {"menu_item": 1, "unit_price": 33000, "cart": 8, "quantity": 3}, "model": "core.cartitem", "pk": 17}, {"fields": {"menu_item": 2, "unit_price": 25000, "cart": 8, "quantity": 0}, "model": "core.cartitem", "pk": 18}, {"fields": {"menu_item": 3, "unit_price": 35000, "cart": 8, "quantity": 0}, "model": "core.cartitem", "pk": 19}, {"fields": {"menu_item": 1, "unit_price": 33000, "cart": 9, "quantity": 3}, "model": "core.cartitem", "pk": 20}, {"fields": {"menu_item": 1, "unit_price": 33000, "cart": 10, "quantity": 149}, "model": "core.cartitem", "pk": 21}, {"fields": {"menu_item": 2, "unit_price": 25000, "cart": 10, "quantity": 14}, "model": "core.cartitem", "pk": 22}, {"fields": {"menu_item": 3, "unit_price": 35000, "cart": 10, "quantity": 13}, "model": "core.cartitem", "pk": 23}, {"fields": {"menu_item": 7, "unit_price": 25000, "cart": 10, "quantity": 0}, "model": "core.cartitem", "pk": 24}, {"fields": {"menu_item": 4, "unit_price": 25000, "cart": 10, "quantity": 6}, "model": "core.cartitem", "pk": 25}, {"fields": {"menu_item": 5, "unit_price": 35000, "cart": 10, "quantity": 4}, "model": "core.cartitem", "pk": 26}, {"fields": {"menu_item": 11, "unit_price": 6000, "cart": 10, "quantity": 8}, "model": "core.cartitem", "pk": 27}, {"fields": {"menu_item": 1, "unit_price": 33000, "cart": 11, "quantity": 48}, "model": "core.cartitem", "pk": 28}, {"fields": {"menu_item": 2, "unit_price": 25000, "cart": 11, "quantity": 16}, "model": "core.cartitem", "pk": 29}, {"fields": {"menu_item": 3, "unit_price": 35000, "cart": 11, "quantity": 3}, "model": "core.cartitem", "pk": 30}, {"fields": {"menu_item": 4, "unit_price": 25000, "cart": 11, "quantity": 8}, "model": "core.cartitem", "pk": 31}, {"fields": {"menu_item": 1, "unit_price": 33000, "cart": 13, "quantity": 39}, "model": "core.cartitem", "pk": 32}, {"fields": {"menu_item": 1, "unit_price": 33000, "cart": 12, "quantity": 3}, "model": "core.cartitem", "pk": 33}, {"fields": {"menu_item": 2, "unit_price": 25000, "cart": 12, "quantity": 4}, "model": "core.cartitem", "pk": 34}, {"fields": {"menu_item": 1, "unit_price": 33000, "cart": 15, "quantity": 3}, "model": "core.cartitem", "pk": 35}]