[{"fields": {"is_postpaid": true, "balance": null, "is_active": true, "is_admin": true, "last_login": "2016-09-18T11:34:03.128Z", "password": "pbkdf2_sha256$12000$8wuSRi2S0bzO$PcQ5k9JEdE12LSNr0x2P2SKFMXeWcDbmWyOO3y71BIY=", "email": "wanyaland@gmail.com"}, "model": "core.customer", "pk": 1}, {"fields": {"address_line2": null, "phone_number": null, "first_name": null, "address_line1": null, "order_notes": null, "company": null, "longitude": null, "last_name": null, "latitude": null, "phone_number2": null, "email": null, "delivery_date": "2016-09-19"}, "model": "core.billingdetails", "pk": 1}, {"fields": {"address_line2": null, "phone_number": null, "first_name": null, "address_line1": null, "order_notes": null, "company": null, "longitude": null, "last_name": null, "latitude": null, "phone_number2": null, "email": null, "delivery_date": "2016-09-19"}, "model": "core.billingdetails", "pk": 2}, {"fields": {"address_line2": null, "phone_number": null, "first_name": null, "address_line1": null, "order_notes": null, "company": null, "longitude": null, "last_name": null, "latitude": null, "phone_number2": null, "email": null, "delivery_date": "2016-09-19"}, "model": "core.billingdetails", "pk": 3}, {"fields": {"address_line2": null, "phone_number": null, "first_name": null, "address_line1": null, "order_notes": null, "company": null, "longitude": null, "last_name": null, "latitude": null, "phone_number2": null, "email": null, "delivery_date": "2016-09-19"}, "model": "core.billingdetails", "pk": 4}, {"fields": {"address_line2": null, "phone_number": null, "first_name": null, "address_line1": null, "order_notes": null, "company": null, "longitude": null, "last_name": null, "latitude": null, "phone_number2": null, "email": null, "delivery_date": "2016-09-19"}, "model": "core.billingdetails", "pk": 5}, {"fields": {"address_line2": null, "phone_number": null, "first_name": null, "address_line1": null, "order_notes": null, "company": null, "longitude": null, "last_name": null, "latitude": null, "phone_number2": null, "email": null, "delivery_date": "2016-09-19"}, "model": "core.billingdetails", "pk": 6}, {"fields": {"address_line2": null, "phone_number": null, "first_name": null, "address_line1": null, "order_notes": null, "company": null, "longitude": null, "last_name": null, "latitude": null, "phone_number2": null, "email": null, "delivery_date": "2016-09-19"}, "model": "core.billingdetails", "pk": 7}, {"fields": {"address_line2": null, "phone_number": null, "first_name": null, "address_line1": null, "order_notes": null, "company": null, "longitude": null, "last_name": null, "latitude": null, "phone_number2": null, "email": null, "delivery_date": "2016-09-19"}, "model": "core.billingdetails", "pk": 8}, {"fields": {"address_line2": null, "phone_number": null, "first_name": null, "address_line1": null, "order_notes": null, "company": null, "longitude": null, "last_name": null, "latitude": null, "phone_number2": null, "email": null, "delivery_date": "2016-09-19"}, "model": "core.billingdetails", "pk": 9}, {"fields": {"address_line2": null, "phone_number": null, "first_name": null, "address_line1": null, "order_notes": null, "company": null, "longitude": null, "last_name": null, "latitude": null, "phone_number2": null, "email": null, "delivery_date": "2016-09-19"}, "model": "core.billingdetails", "pk": 10}, {"fields": {"address_line2": null, "phone_number": null, "first_name": null, "address_line1": null, "order_notes": null, "company": null, "longitude": null, "last_name": null, "latitude": null, "phone_number2": null, "email": null, "delivery_date": "2016-09-19"}, "model": "core.billingdetails", "pk": 11}, {"fields": {"address_line2": null, "phone_number": null, "first_name": null, "address_line1": null, "order_notes": null, "company": null, "longitude": null, "last_name": null, "latitude": null, "phone_number2": null, "email": null, "delivery_date": "2016-09-19"}, "model": "core.billingdetails", "pk": 12}, {"fields": {"address_line2": null, "phone_number": null, "first_name": null, "address_line1": null, "order_notes": null, "company": null, "longitude": null, "last_name": null, "latitude": null, "phone_number2": null, "email": null, "delivery_date": "2016-09-19"}, "model": "core.billingdetails", "pk": 13}, {"fields": {"address_line2": null, "phone_number": null, "first_name": null, "address_line1": null, "order_notes": null, "company": null, "longitude": null, "last_name": null, "latitude": null, "phone_number2": null, "email": null, "delivery_date": "2016-09-19"}, "model": "core.billingdetails", "pk": 14}, {"fields": {"address_line2": null, "phone_number": null, "first_name": null, "address_line1": null, "order_notes": null, "company": null, "longitude": null, "last_name": null, "latitude": null, "phone_number2": null, "email": null, "delivery_date": "2016-09-19"}, "model": "core.billingdetails", "pk": 15}, {"fields": {"address_line2": null, "phone_number": null, "first_name": null, "address_line1": null, "order_notes": null, "company": null, "longitude": null, "last_name": null, "latitude": null, "phone_number2": null, "email": null, "delivery_date": "2016-09-19"}, "model": "core.billingdetails", "pk": 16}, {"fields": {"address_line2": null, "phone_number": null, "first_name": null, "address_line1": null, "order_notes": null, "company": null, "longitude": null, "last_name": null, "latitude": null, "phone_number2": null, "email": null, "delivery_date": "2016-09-19"}, "model": "core.billingdetails", "pk": 17}, {"fields": {"address_line2": null, "phone_number": null, "first_name": null, "address_line1": null, "order_notes": null, "company": null, "longitude": null, "last_name": null, "latitude": null, "phone_number2": null, "email": null, "delivery_date": "2016-09-19"}, "model": "core.billingdetails", "pk": 18}, {"fields": {"address_line2": null, "phone_number": null, "first_name": null, "address_line1": null, "order_notes": null, "company": null, "longitude": null, "last_name": null, "latitude": null, "phone_number2": null, "email": null, "delivery_date": "2016-09-19"}, "model": "core.billingdetails", "pk": 19}, {"fields": {"address_line2": null, "phone_number": null, "first_name": null, "address_line1": null, "order_notes": null, "company": null, "longitude": null, "last_name": null, "latitude": null, "phone_number2": null, "email": null, "delivery_date": "2016-09-19"}, "model": "core.billingdetails", "pk": 20}, {"fields": {"address_line2": null, "phone_number": null, "first_name": null, "address_line1": null, "order_notes": null, "company": null, "longitude": null, "last_name": null, "latitude": null, "phone_number2": null, "email": null, "delivery_date": "2016-09-19"}, "model": "core.billingdetails", "pk": 21}, {"fields": {"address_line2": null, "phone_number": null, "first_name": null, "address_line1": null, "order_notes": null, "company": null, "longitude": null, "last_name": null, "latitude": null, "phone_number2": null, "email": null, "delivery_date": "2016-09-19"}, "model": "core.billingdetails", "pk": 22}, {"fields": {"address_line2": null, "phone_number": null, "first_name": null, "address_line1": null, "order_notes": null, "company": null, "longitude": null, "last_name": null, "latitude": null, "phone_number2": null, "email": null, "delivery_date": "2016-09-19"}, "model": "core.billingdetails", "pk": 23}, {"fields": {"address_line2": null, "phone_number": null, "first_name": null, "address_line1": null, "order_notes": null, "company": null, "longitude": null, "last_name": null, "latitude": null, "phone_number2": null, "email": null, "delivery_date": "2016-09-19"}, "model": "core.billingdetails", "pk": 24}, {"fields": {"address_line2": null, "phone_number": null, "first_name": null, "address_line1": null, "order_notes": null, "company": null, "longitude": null, "last_name": null, "latitude": null, "phone_number2": null, "email": null, "delivery_date": "2016-09-19"}, "model": "core.billingdetails", "pk": 25}, {"fields": {"address_line2": null, "phone_number": null, "first_name": null, "address_line1": null, "order_notes": null, "company": null, "longitude": null, "last_name": null, "latitude": null, "phone_number2": null, "email": null, "delivery_date": "2016-09-19"}, "model": "core.billingdetails", "pk": 26}, {"fields": {"address_line2": null, "phone_number": null, "first_name": null, "address_line1": null, "order_notes": null, "company": null, "longitude": null, "last_name": null, "latitude": null, "phone_number2": null, "email": null, "delivery_date": "2016-09-19"}, "model": "core.billingdetails", "pk": 27}, {"fields": {"address_line2": null, "phone_number": null, "first_name": null, "address_line1": null, "order_notes": null, "company": null, "longitude": null, "last_name": null, "latitude": null, "phone_number2": null, "email": null, "delivery_date": "2016-09-19"}, "model": "core.billingdetails", "pk": 28}, {"fields": {"address_line2": null, "phone_number": null, "first_name": null, "address_line1": null, "order_notes": null, "company": null, "longitude": null, "last_name": null, "latitude": null, "phone_number2": null, "email": null, "delivery_date": "2016-09-19"}, "model": "core.billingdetails", "pk": 29}, {"fields": {"address_line2": null, "phone_number": null, "first_name": null, "address_line1": null, "order_notes": null, "company": null, "longitude": null, "last_name": null, "latitude": null, "phone_number2": null, "email": null, "delivery_date": "2016-09-19"}, "model": "core.billingdetails", "pk": 30}, {"fields": {"address_line2": null, "phone_number": null, "first_name": null, "address_line1": null, "order_notes": null, "company": null, "longitude": null, "last_name": null, "latitude": null, "phone_number2": null, "email": null, "delivery_date": "2016-09-19"}, "model": "core.billingdetails", "pk": 31}, {"fields": {"address_line2": null, "phone_number": null, "first_name": null, "address_line1": null, "order_notes": null, "company": null, "longitude": null, "last_name": null, "latitude": null, "phone_number2": null, "email": null, "delivery_date": "2016-09-19"}, "model": "core.billingdetails", "pk": 32}, {"fields": {"address_line2": null, "phone_number": null, "first_name": null, "address_line1": null, "order_notes": null, "company": null, "longitude": null, "last_name": null, "latitude": null, "phone_number2": null, "email": null, "delivery_date": "2016-09-19"}, "model": "core.billingdetails", "pk": 33}, {"fields": {"address_line2": null, "phone_number": null, "first_name": null, "address_line1": null, "order_notes": null, "company": null, "longitude": null, "last_name": null, "latitude": null, "phone_number2": null, "email": null, "delivery_date": "2016-09-19"}, "model": "core.billingdetails", "pk": 34}, {"fields": {"address_line2": null, "phone_number": null, "first_name": null, "address_line1": null, "order_notes": null, "company": null, "longitude": null, "last_name": null, "latitude": null, "phone_number2": null, "email": null, "delivery_date": "2016-09-19"}, "model": "core.billingdetails", "pk": 35}, {"fields": {"address_line2": null, "phone_number": null, "first_name": null, "address_line1": null, "order_notes": null, "company": null, "longitude": null, "last_name": null, "latitude": null, "phone_number2": null, "email": null, "delivery_date": "2016-09-19"}, "model": "core.billingdetails", "pk": 36}, {"fields": {"address_line2": null, "phone_number": null, "first_name": null, "address_line1": null, "order_notes": null, "company": null, "longitude": null, "last_name": null, "latitude": null, "phone_number2": null, "email": null, "delivery_date": "2016-09-19"}, "model": "core.billingdetails", "pk": 37}, {"fields": {"address_line2": null, "phone_number": null, "first_name": null, "address_line1": null, "order_notes": null, "company": null, "longitude": null, "last_name": null, "latitude": null, "phone_number2": null, "email": null, "delivery_date": "2016-09-19"}, "model": "core.billingdetails", "pk": 38}, {"fields": {"payment_id": null, "billing_details": null, "payment_type": null, "checked_out": false, "creation_date": "2016-08-29T18:35:20.701Z"}, "model": "core.cart", "pk": 1}, {"fields": {"payment_id": null, "billing_details": null, "payment_type": null, "checked_out": false, "creation_date": "2016-08-30T22:58:47.804Z"}, "model": "core.cart", "pk": 2}, {"fields": {"payment_id": null, "billing_details": null, "payment_type": null, "checked_out": false, "creation_date": "2016-09-14T18:21:23.364Z"}, "model": "core.cart", "pk": 3}, {"fields": {"payment_id": null, "billing_details": null, "payment_type": null, "checked_out": false, "creation_date": "2016-09-15T20:15:58.163Z"}, "model": "core.cart", "pk": 4}, {"fields": {"payment_id": null, "billing_details": null, "payment_type": null, "checked_out": false, "creation_date": "2016-09-15T23:36:34.677Z"}, "model": "core.cart", "pk": 5}, {"fields": {"payment_id": null, "billing_details": null, "payment_type": null, "checked_out": false, "creation_date": "2016-09-17T06:16:34.154Z"}, "model": "core.cart", "pk": 6}, {"fields": {"payment_id": null, "billing_details": null, "payment_type": null, "checked_out": false, "creation_date": "2016-09-17T18:57:29.424Z"}, "model": "core.cart", "pk": 7}, {"fields": {"payment_id": null, "billing_details": null, "payment_type": null, "checked_out": false, "creation_date": "2016-09-18T11:16:13.576Z"}, "model": "core.cart", "pk": 8}, {"fields": {"payment_id": null, "billing_details": null, "payment_type": null, "checked_out": false, "creation_date": "2016-09-18T11:21:31.559Z"}, "model": "core.cart", "pk": 9}, {"fields": {"payment_id": null, "billing_details": null, "payment_type": null, "checked_out": false, "creation_date": "2016-09-18T18:19:59.258Z"}, "model": "core.cart", "pk": 10}, {"fields": {"payment_id": null, "billing_details": null, "payment_type": null, "checked_out": false, "creation_date": "2016-09-20T14:06:30.532Z"}, "model": "core.cart", "pk": 11}, {"fields": {"payment_id": null, "billing_details": null, "payment_type": null, "checked_out": false, "creation_date": "2016-09-21T22:06:34.896Z"}, "model": "core.cart", "pk": 12}, {"fields": {"payment_id": null, "billing_details": null, "payment_type": null, "checked_out": false, "creation_date": "2016-09-21T22:28:00.581Z"}, "model": "core.cart", "pk": 13}, {"fields": {"name": "Fillet steak Bento", "menu_type": "M", "image": "brown_food/2016/08/29/01.JPG", "unit_price": "33000", "content": "Beef fillet steak 95g,\r\nTakikomi gohan 200g,\r\nGreen salad,potato salad,\r\nDessert of the day", "description": "Grilled, steamed beef tenderloin steak with red wine sauce\t\t\r\n\t\t\r\n\t\t\r\n\t\t\r\n"}, "model": "core.menuitem", "pk": 1}, {"fields": {"name": "Hamburg Bento", "menu_type": "M", "image": "brown_food/2016/08/29/02.JPG", "unit_price": "25000", "content": "Stewed Hamburger 145g,\r\nSpaghetti peperoncino 180g,\r\nGreen salad,\r\npotato salad,\r\nDessert of the day", "description": "Juicy hamburger steak blended exquisitely with pork and beef\t\t\r\n\t\t\r\n\t\t\r\n\t\t\r\n"}, "model": "core.menuitem", "pk": 2}, {"fields": {"name": "Karaage Bento", "menu_type": "M", "image": "brown_food/2016/08/29/03.JPG", "unit_price": "35000", "content": "Deep-fried chicken 100g,\r\nVegetable fried rice 200g,\r\nGreen salad,potato salad\r\nDessert of the day", "description": "Deep fried chicken thigh with soaking in garlic soy sauce\t\t\r\n\t\t\r\n\t\t\r\n\t\t\r\n"}, "model": "core.menuitem", "pk": 3}, {"fields": {"name": "Beef Curry Bento", "menu_type": "M", "image": "brown_food/2016/08/29/04.JPG", "unit_price": "25000", "content": "Beef Curry 385g,\r\nSteamed rice 200g,\r\nDessert of the day,", "description": "Mild curry rice with pressure-cooked beef and plenty of vegetables\t\t\r\n\t\t\r\n\t\t\r\n"}, "model": "core.menuitem", "pk": 4}, {"fields": {"name": "Tonkatstu Bento", "menu_type": "M", "image": "brown_food/2016/08/29/05.JPG", "unit_price": "35000", "content": "Pork cutlet 110g,\r\nSteamed rice 200g,\r\nGreen salad,potato salad,\r\nDessert of the day", "description": "Marinated pork cutlet coated home-made bread crumbs\t\t\r\n\t\t\r\n\t\t\r\n\t\t\r\n"}, "model": "core.menuitem", "pk": 5}, {"fields": {"name": "Fried fish Bento", "menu_type": "M", "image": "brown_food/2016/09/15/06.JPG", "unit_price": "33000", "content": "Deep-fried tilapia 120g,\r\nChirasi Sushi 200g,\r\nGreen salad,potato salad,\r\nDessert of the day,", "description": "Fried fresh tilapia fillet coated home-made bread crumbs\t\t\r\n\t\t\r\n\t\t\r\n\t\t\r\n"}, "model": "core.menuitem", "pk": 6}, {"fields": {"name": "Gyudon Bento", "menu_type": "M", "image": "brown_food/2016/09/15/07.JPG", "unit_price": "25000", "content": "Beef bowl 390g,\r\nGreen salad,croquette,\r\nDessert of the day,", "description": "Rice bowl  topped with sliced beef, onion and special soy sauce\t\t\r\n\t\t\r\n\t\t\r\n\r\n"}, "model": "core.menuitem", "pk": 7}, {"fields": {"name": "Oyakodon Bento", "menu_type": "M", "image": "brown_food/2016/09/15/08.JPG", "unit_price": "25000", "content": "Chicken and egg bowl 450g,\r\nGreen salad,croquette,\r\nDessert of the day", "description": "Rice bowl topped with diced chicken and egg  sweet soy sauce\t\t\r\n\t\t\r\n\t\t\r\n"}, "model": "core.menuitem", "pk": 8}, {"fields": {"name": "Omlette Bento", "menu_type": "M", "image": "brown_food/2016/09/15/09.JPG", "unit_price": "22000", "content": "Cheese Omlette 175g,\r\nSpaghetti napolitan 180g,\r\nGreen salad,potato salad,\r\nDessert of the day", "description": "Melting cheese omlett of york eggs with baked mushroom\t\t\r\n\t\t\r\n\t\t\r\n\t\t\r\n"}, "model": "core.menuitem", "pk": 9}, {"fields": {"name": "Okonomiyaki Bento", "menu_type": "M", "image": "brown_food/2016/09/15/10.JPG", "unit_price": "22000", "content": "Cheese Okonomiyaki 240g,\r\nSpaghetti napolitan 180g,\r\nGreen salad,potato salad,\r\nDessert of the day", "description": "A grilled flour based mixture with cabbage coated with cheese\t\t\r\n\t\t\r\n\t\t\r\n\t\t\r\n"}, "model": "core.menuitem", "pk": 10}, {"fields": {"name": "Chirashi Sushi L 200g", "menu_type": "S", "image": "", "unit_price": "6000", "content": null, "description": "L 200g"}, "model": "core.menuitem", "pk": 11}, {"fields": {"name": "Chirashi Sushi S 100g", "menu_type": "S", "image": "", "unit_price": "4000", "content": null, "description": "S 100g"}, "model": "core.menuitem", "pk": 12}, {"fields": {"name": "Takikomi gohan L 200g", "menu_type": "S", "image": "", "unit_price": "5000", "content": null, "description": ""}, "model": "core.menuitem", "pk": 13}, {"fields": {"name": "Takikomi gohan S 100g", "menu_type": "S", "image": "", "unit_price": "3000", "content": null, "description": ""}, "model": "core.menuitem", "pk": 14}, {"fields": {"name": "Vegetable fried rice L 200g", "menu_type": "S", "image": "", "unit_price": "8000", "content": null, "description": ""}, "model": "core.menuitem", "pk": 15}, {"fields": {"name": "Vegetable fried rice S 100g", "menu_type": "S", "image": "", "unit_price": "5000", "content": null, "description": ""}, "model": "core.menuitem", "pk": 16}, {"fields": {"name": "Spaghetti napolitan L 180g", "menu_type": "S", "image": "", "unit_price": "7500", "content": null, "description": ""}, "model": "core.menuitem", "pk": 17}, {"fields": {"name": "Spaghetti napolitan S 90g", "menu_type": "S", "image": "", "unit_price": "4000", "content": null, "description": ""}, "model": "core.menuitem", "pk": 18}, {"fields": {"name": "Spaghetti peperoncino L 180g", "menu_type": "S", "image": "", "unit_price": "8000", "content": null, "description": ""}, "model": "core.menuitem", "pk": 19}, {"fields": {"name": "Spaghetti peperoncino S 90g", "menu_type": "S", "image": "", "unit_price": "5000", "content": null, "description": ""}, "model": "core.menuitem", "pk": 20}, {"fields": {"menu_item": 1, "unit_price": 33000, "cart": 1, "quantity": 6}, "model": "core.cartitem", "pk": 1}, {"fields": {"menu_item": 3, "unit_price": 35000, "cart": 1, "quantity": 4}, "model": "core.cartitem", "pk": 2}, {"fields": {"menu_item": 2, "unit_price": 25000, "cart": 1, "quantity": 17}, "model": "core.cartitem", "pk": 3}, {"fields": {"menu_item": 5, "unit_price": 35000, "cart": 1, "quantity": 6}, "model": "core.cartitem", "pk": 4}, {"fields": {"menu_item": 4, "unit_price": 25000, "cart": 1, "quantity": 11}, "model": "core.cartitem", "pk": 5}, {"fields": {"menu_item": 1, "unit_price": 33000, "cart": 5, "quantity": 9}, "model": "core.cartitem", "pk": 6}, {"fields": {"menu_item": 2, "unit_price": 25000, "cart": 5, "quantity": 1}, "model": "core.cartitem", "pk": 7}, {"fields": {"menu_item": 3, "unit_price": 35000, "cart": 5, "quantity": 1}, "model": "core.cartitem", "pk": 8}, {"fields": {"menu_item": 1, "unit_price": 33000, "cart": 6, "quantity": 18}, "model": "core.cartitem", "pk": 9}, {"fields": {"menu_item": 2, "unit_price": 25000, "cart": 6, "quantity": 13}, "model": "core.cartitem", "pk": 10}, {"fields": {"menu_item": 3, "unit_price": 35000, "cart": 6, "quantity": 3}, "model": "core.cartitem", "pk": 11}, {"fields": {"menu_item": 7, "unit_price": 25000, "cart": 6, "quantity": 3}, "model": "core.cartitem", "pk": 12}, {"fields": {"menu_item": 8, "unit_price": 25000, "cart": 6, "quantity": 7}, "model": "core.cartitem", "pk": 13}, {"fields": {"menu_item": 1, "unit_price": 33000, "cart": 7, "quantity": 6}, "model": "core.cartitem", "pk": 14}, {"fields": {"menu_item": 9, "unit_price": 22000, "cart": 6, "quantity": 44}, "model": "core.cartitem", "pk": 15}, {"fields": {"menu_item": 10, "unit_price": 22000, "cart": 6, "quantity": 32}, "model": "core.cartitem", "pk": 16}, {"fields": {"menu_item": 1, "unit_price": 33000, "cart": 8, "quantity": 3}, "model": "core.cartitem", "pk": 17}, {"fields": {"menu_item": 2, "unit_price": 25000, "cart": 8, "quantity": 0}, "model": "core.cartitem", "pk": 18}, {"fields": {"menu_item": 3, "unit_price": 35000, "cart": 8, "quantity": 0}, "model": "core.cartitem", "pk": 19}, {"fields": {"menu_item": 1, "unit_price": 33000, "cart": 9, "quantity": 3}, "model": "core.cartitem", "pk": 20}, {"fields": {"menu_item": 1, "unit_price": 33000, "cart": 10, "quantity": 149}, "model": "core.cartitem", "pk": 21}, {"fields": {"menu_item": 2, "unit_price": 25000, "cart": 10, "quantity": 14}, "model": "core.cartitem", "pk": 22}, {"fields": {"menu_item": 3, "unit_price": 35000, "cart": 10, "quantity": 13}, "model": "core.cartitem", "pk": 23}, {"fields": {"menu_item": 7, "unit_price": 25000, "cart": 10, "quantity": 0}, "model": "core.cartitem", "pk": 24}, {"fields": {"menu_item": 4, "unit_price": 25000, "cart": 10, "quantity": 6}, "model": "core.cartitem", "pk": 25}, {"fields": {"menu_item": 5, "unit_price": 35000, "cart": 10, "quantity": 4}, "model": "core.cartitem", "pk": 26}, {"fields": {"menu_item": 11, "unit_price": 6000, "cart": 10, "quantity": 8}, "model": "core.cartitem", "pk": 27}, {"fields": {"menu_item": 1, "unit_price": 33000, "cart": 11, "quantity": 48}, "model": "core.cartitem", "pk": 28}, {"fields": {"menu_item": 2, "unit_price": 25000, "cart": 11, "quantity": 16}, "model": "core.cartitem", "pk": 29}, {"fields": {"menu_item": 3, "unit_price": 35000, "cart": 11, "quantity": 3}, "model": "core.cartitem", "pk": 30}, {"fields": {"menu_item": 4, "unit_price": 25000, "cart": 11, "quantity": 8}, "model": "core.cartitem", "pk": 31}, {"fields": {"menu_item": 1, "unit_price": 33000, "cart": 13, "quantity": 36}, "model": "core.cartitem", "pk": 32}, {"fields": {"menu_item": 1, "unit_price": 33000, "cart": 12, "quantity": 3}, "model": "core.cartitem", "pk": 33}, {"fields": {"menu_item": 2, "unit_price": 25000, "cart": 12, "quantity": 4}, "model": "core.cartitem", "pk": 34}]