[{"fields": {"model": "logentry", "name": "log entry", "app_label": "admin"}, "model": "contenttypes.contenttype", "pk": 1}, {"fields": {"model": "permission", "name": "permission", "app_label": "auth"}, "model": "contenttypes.contenttype", "pk": 2}, {"fields": {"model": "group", "name": "group", "app_label": "auth"}, "model": "contenttypes.contenttype", "pk": 3}, {"fields": {"model": "contenttype", "name": "content type", "app_label": "contenttypes"}, "model": "contenttypes.contenttype", "pk": 5}, {"fields": {"model": "session", "name": "session", "app_label": "sessions"}, "model": "contenttypes.contenttype", "pk": 6}, {"fields": {"model": "billingdetails", "name": "billing details", "app_label": "core"}, "model": "contenttypes.contenttype", "pk": 7}, {"fields": {"model": "cart", "name": "cart", "app_label": "core"}, "model": "contenttypes.contenttype", "pk": 8}, {"fields": {"model": "menuitem", "name": "menu item", "app_label": "core"}, "model": "contenttypes.contenttype", "pk": 9}, {"fields": {"model": "cartitem", "name": "cart item", "app_label": "core"}, "model": "contenttypes.contenttype", "pk": 10}, {"fields": {"model": "basket", "name": "basket", "app_label": "core"}, "model": "contenttypes.contenttype", "pk": 11}, {"fields": {"model": "customer", "name": "customer", "app_label": "core"}, "model": "contenttypes.contenttype", "pk": 12}, {"fields": {"model": "transaction", "name": "transaction", "app_label": "django_pesapal"}, "model": "contenttypes.contenttype", "pk": 14}, {"fields": {"model": "pesapal", "name": "pesa pal", "app_label": "core"}, "model": "contenttypes.contenttype", "pk": 15}, {"fields": {"expire_date": "2016-10-10T08:39:09.350Z", "session_data": "OWRjM2QzZDU2NWEzYjc2NDA1ZmQ1ODQ5Y2YxMWI2ZGY3NTg1NzQ5MTp7IkNBUlQtSUQiOjE2LCJfYXV0aF91c2VyX2hhc2giOiI2MWJiMzhjMjkxYjc3NmI5Mzc2YzU0ZTIzYWRjMjIxZjk0NjAzOWI3IiwiX2F1dGhfdXNlcl9iYWNrZW5kIjoiZGphbmdvLmNvbnRyaWIuYXV0aC5iYWNrZW5kcy5Nb2RlbEJhY2tlbmQiLCJfYXV0aF91c2VyX2lkIjoxfQ=="}, "model": "sessions.session", "pk": "21gtkmhmiaqfneg2ig9sigh2337j6vv0"}, {"fields": {"expire_date": "2016-09-29T23:06:43.067Z", "session_data": "NDcxYzYxMTUwMTk1ZGFiZWNhNzkzOTQ4ZWQyYThkZGU1ZTFkYjAzNzp7fQ=="}, "model": "sessions.session", "pk": "2yyv22brktvaaotejujoxchmzp9qtfwg"}, {"fields": {"expire_date": "2016-10-04T14:06:31.236Z", "session_data": "YWU1NTBmMzM0MzEwYWUzNTE1ZDAzNzQxNDYwZTE4MTE1NGY3MmJmZjp7IkNBUlQtSUQiOjExfQ=="}, "model": "sessions.session", "pk": "42j2wpq5gj0krvgxgj8hy7wi5k5ya9pq"}, {"fields": {"expire_date": "2016-09-29T23:04:15.433Z", "session_data": "NDcxYzYxMTUwMTk1ZGFiZWNhNzkzOTQ4ZWQyYThkZGU1ZTFkYjAzNzp7fQ=="}, "model": "sessions.session", "pk": "4wdq9vm3ozzosp38rxwswy31m0ae8ny7"}, {"fields": {"expire_date": "2016-10-01T18:57:29.988Z", "session_data": "YjYyOTU4MjdkMDU4N2JjMmFhZTUyNjkwMWJmMDAyMDI2YzIwODM2Mjp7IkNBUlQtSUQiOjd9"}, "model": "sessions.session", "pk": "ay02y68b82wirtbqzo284vlwqshb4j8j"}, {"fields": {"expire_date": "2016-10-02T18:19:06.602Z", "session_data": "NDcxYzYxMTUwMTk1ZGFiZWNhNzkzOTQ4ZWQyYThkZGU1ZTFkYjAzNzp7fQ=="}, "model": "sessions.session", "pk": "c6e5nfh9ic7xp2q2vnlab3o0u6cn8r13"}, {"fields": {"expire_date": "2016-10-12T14:22:41.571Z", "session_data": "OTY1MjNiMTk2YjhmMjFlMzA3MjFiNDI4OTFhYWEzZjJlMWQ1ODkwZTp7IkNBUlQtSUQiOjE3LCJfYXV0aF91c2VyX2hhc2giOiI2MWJiMzhjMjkxYjc3NmI5Mzc2YzU0ZTIzYWRjMjIxZjk0NjAzOWI3IiwiX2F1dGhfdXNlcl9iYWNrZW5kIjoiZGphbmdvLmNvbnRyaWIuYXV0aC5iYWNrZW5kcy5Nb2RlbEJhY2tlbmQiLCJfYXV0aF91c2VyX2lkIjoxfQ=="}, "model": "sessions.session", "pk": "i1zq52iuondych9ukvbcjqv7kphgbi3i"}, {"fields": {"expire_date": "2016-10-02T18:19:02.012Z", "session_data": "NDcxYzYxMTUwMTk1ZGFiZWNhNzkzOTQ4ZWQyYThkZGU1ZTFkYjAzNzp7fQ=="}, "model": "sessions.session", "pk": "jfyxaiwdsf9k62l6b8r8x2o0xwggy4oc"}, {"fields": {"expire_date": "2016-09-13T22:58:49.802Z", "session_data": "NThmOTY0NzE3YjViZmZkM2Y4MTQ1MmExNjRmYWNlNTc0ZWQ2NTJlNzp7IkNBUlQtSUQiOjJ9"}, "model": "sessions.session", "pk": "voc0t3xdiz0u5ribn1hb2o92jasbvq2n"}, {"fields": {"expire_date": "2016-09-12T18:35:20.896Z", "session_data": "ZmE4ZDU2OTE3ZjAyNjRlOGQ1NTlhYzAxMjAxY2RiMmU1YTdmOTk2Mjp7Il9hdXRoX3VzZXJfaGFzaCI6IjhmMzVjNTMzN2YwNjlmYmQ5YzE4OGQ4ZjM0MmJlMzczODM4NDFkYzciLCJDQVJULUlEIjoxLCJfYXV0aF91c2VyX2lkIjoxLCJfYXV0aF91c2VyX2JhY2tlbmQiOiJkamFuZ28uY29udHJpYi5hdXRoLmJhY2tlbmRzLk1vZGVsQmFja2VuZCJ9"}, "model": "sessions.session", "pk": "yhkjtja3jhv98gs0s60uxd2ssz5pxfm9"}, {"fields": {"address_line2": "Near Barracks", "is_postpaid": true, "first_name": "Jameson", "last_name": "Harry", "is_active": true, "balance": null, "address_line1": "Makindye", "last_login": "2016-09-28T14:22:41.490Z", "is_admin": true, "password": "pbkdf2_sha256$12000$8wuSRi2S0bzO$PcQ5k9JEdE12LSNr0x2P2SKFMXeWcDbmWyOO3y71BIY=", "email": "wanyaland@gmail.com"}, "model": "core.customer", "pk": 1}, {"fields": {"address_line2": null, "address_line3": null, "first_name": null, "address_line1": null, "company": null, "longitude": null, "customer": null, "last_name": null, "latitude": null, "phone_number2": null, "phone_number": null, "email": null, "delivery_date": "2016-09-19"}, "model": "core.billingdetails", "pk": 1}, {"fields": {"address_line2": null, "address_line3": null, "first_name": null, "address_line1": null, "company": null, "longitude": null, "customer": null, "last_name": null, "latitude": null, "phone_number2": null, "phone_number": null, "email": null, "delivery_date": "2016-09-19"}, "model": "core.billingdetails", "pk": 2}, {"fields": {"address_line2": null, "address_line3": null, "first_name": null, "address_line1": null, "company": null, "longitude": null, "customer": null, "last_name": null, "latitude": null, "phone_number2": null, "phone_number": null, "email": null, "delivery_date": "2016-09-19"}, "model": "core.billingdetails", "pk": 3}, {"fields": {"address_line2": null, "address_line3": null, "first_name": null, "address_line1": null, "company": null, "longitude": null, "customer": null, "last_name": null, "latitude": null, "phone_number2": null, "phone_number": null, "email": null, "delivery_date": "2016-09-19"}, "model": "core.billingdetails", "pk": 4}, {"fields": {"address_line2": null, "address_line3": null, "first_name": null, "address_line1": null, "company": null, "longitude": null, "customer": null, "last_name": null, "latitude": null, "phone_number2": null, "phone_number": null, "email": null, "delivery_date": "2016-09-19"}, "model": "core.billingdetails", "pk": 5}, {"fields": {"address_line2": null, "address_line3": null, "first_name": null, "address_line1": null, "company": null, "longitude": null, "customer": null, "last_name": null, "latitude": null, "phone_number2": null, "phone_number": null, "email": null, "delivery_date": "2016-09-19"}, "model": "core.billingdetails", "pk": 6}, {"fields": {"address_line2": null, "address_line3": null, "first_name": null, "address_line1": null, "company": null, "longitude": null, "customer": null, "last_name": null, "latitude": null, "phone_number2": null, "phone_number": null, "email": null, "delivery_date": "2016-09-19"}, "model": "core.billingdetails", "pk": 7}, {"fields": {"address_line2": null, "address_line3": null, "first_name": null, "address_line1": null, "company": null, "longitude": null, "customer": null, "last_name": null, "latitude": null, "phone_number2": null, "phone_number": null, "email": null, "delivery_date": "2016-09-19"}, "model": "core.billingdetails", "pk": 8}, {"fields": {"address_line2": null, "address_line3": null, "first_name": null, "address_line1": null, "company": null, "longitude": null, "customer": null, "last_name": null, "latitude": null, "phone_number2": null, "phone_number": null, "email": null, "delivery_date": "2016-09-19"}, "model": "core.billingdetails", "pk": 9}, {"fields": {"address_line2": null, "address_line3": null, "first_name": null, "address_line1": null, "company": null, "longitude": null, "customer": null, "last_name": null, "latitude": null, "phone_number2": null, "phone_number": null, "email": null, "delivery_date": "2016-09-19"}, "model": "core.billingdetails", "pk": 10}, {"fields": {"address_line2": null, "address_line3": null, "first_name": null, "address_line1": null, "company": null, "longitude": null, "customer": null, "last_name": null, "latitude": null, "phone_number2": null, "phone_number": null, "email": null, "delivery_date": "2016-09-19"}, "model": "core.billingdetails", "pk": 11}, {"fields": {"address_line2": null, "address_line3": null, "first_name": null, "address_line1": null, "company": null, "longitude": null, "customer": null, "last_name": null, "latitude": null, "phone_number2": null, "phone_number": null, "email": null, "delivery_date": "2016-09-19"}, "model": "core.billingdetails", "pk": 12}, {"fields": {"address_line2": null, "address_line3": null, "first_name": null, "address_line1": null, "company": null, "longitude": null, "customer": null, "last_name": null, "latitude": null, "phone_number2": null, "phone_number": null, "email": null, "delivery_date": "2016-09-19"}, "model": "core.billingdetails", "pk": 13}, {"fields": {"address_line2": null, "address_line3": null, "first_name": null, "address_line1": null, "company": null, "longitude": null, "customer": null, "last_name": null, "latitude": null, "phone_number2": null, "phone_number": null, "email": null, "delivery_date": "2016-09-19"}, "model": "core.billingdetails", "pk": 14}, {"fields": {"address_line2": null, "address_line3": null, "first_name": null, "address_line1": null, "company": null, "longitude": null, "customer": null, "last_name": null, "latitude": null, "phone_number2": null, "phone_number": null, "email": null, "delivery_date": "2016-09-19"}, "model": "core.billingdetails", "pk": 15}, {"fields": {"address_line2": null, "address_line3": null, "first_name": null, "address_line1": null, "company": null, "longitude": null, "customer": null, "last_name": null, "latitude": null, "phone_number2": null, "phone_number": null, "email": null, "delivery_date": "2016-09-19"}, "model": "core.billingdetails", "pk": 16}, {"fields": {"address_line2": null, "address_line3": null, "first_name": null, "address_line1": null, "company": null, "longitude": null, "customer": null, "last_name": null, "latitude": null, "phone_number2": null, "phone_number": null, "email": null, "delivery_date": "2016-09-19"}, "model": "core.billingdetails", "pk": 17}, {"fields": {"address_line2": null, "address_line3": null, "first_name": null, "address_line1": null, "company": null, "longitude": null, "customer": null, "last_name": null, "latitude": null, "phone_number2": null, "phone_number": null, "email": null, "delivery_date": "2016-09-19"}, "model": "core.billingdetails", "pk": 18}, {"fields": {"address_line2": null, "address_line3": null, "first_name": null, "address_line1": null, "company": null, "longitude": null, "customer": null, "last_name": null, "latitude": null, "phone_number2": null, "phone_number": null, "email": null, "delivery_date": "2016-09-19"}, "model": "core.billingdetails", "pk": 19}, {"fields": {"address_line2": null, "address_line3": null, "first_name": null, "address_line1": null, "company": null, "longitude": null, "customer": null, "last_name": null, "latitude": null, "phone_number2": null, "phone_number": null, "email": null, "delivery_date": "2016-09-19"}, "model": "core.billingdetails", "pk": 20}, {"fields": {"address_line2": null, "address_line3": null, "first_name": null, "address_line1": null, "company": null, "longitude": null, "customer": null, "last_name": null, "latitude": null, "phone_number2": null, "phone_number": null, "email": null, "delivery_date": "2016-09-19"}, "model": "core.billingdetails", "pk": 21}, {"fields": {"address_line2": null, "address_line3": null, "first_name": null, "address_line1": null, "company": null, "longitude": null, "customer": null, "last_name": null, "latitude": null, "phone_number2": null, "phone_number": null, "email": null, "delivery_date": "2016-09-19"}, "model": "core.billingdetails", "pk": 22}, {"fields": {"address_line2": null, "address_line3": null, "first_name": null, "address_line1": null, "company": null, "longitude": null, "customer": null, "last_name": null, "latitude": null, "phone_number2": null, "phone_number": null, "email": null, "delivery_date": "2016-09-19"}, "model": "core.billingdetails", "pk": 23}, {"fields": {"address_line2": null, "address_line3": null, "first_name": null, "address_line1": null, "company": null, "longitude": null, "customer": null, "last_name": null, "latitude": null, "phone_number2": null, "phone_number": null, "email": null, "delivery_date": "2016-09-19"}, "model": "core.billingdetails", "pk": 24}, {"fields": {"address_line2": null, "address_line3": null, "first_name": null, "address_line1": null, "company": null, "longitude": null, "customer": null, "last_name": null, "latitude": null, "phone_number2": null, "phone_number": null, "email": null, "delivery_date": "2016-09-19"}, "model": "core.billingdetails", "pk": 25}, {"fields": {"address_line2": null, "address_line3": null, "first_name": null, "address_line1": null, "company": null, "longitude": null, "customer": null, "last_name": null, "latitude": null, "phone_number2": null, "phone_number": null, "email": null, "delivery_date": "2016-09-19"}, "model": "core.billingdetails", "pk": 26}, {"fields": {"address_line2": null, "address_line3": null, "first_name": null, "address_line1": null, "company": null, "longitude": null, "customer": null, "last_name": null, "latitude": null, "phone_number2": null, "phone_number": null, "email": null, "delivery_date": "2016-09-19"}, "model": "core.billingdetails", "pk": 27}, {"fields": {"address_line2": null, "address_line3": null, "first_name": null, "address_line1": null, "company": null, "longitude": null, "customer": null, "last_name": null, "latitude": null, "phone_number2": null, "phone_number": null, "email": null, "delivery_date": "2016-09-19"}, "model": "core.billingdetails", "pk": 28}, {"fields": {"address_line2": null, "address_line3": null, "first_name": null, "address_line1": null, "company": null, "longitude": null, "customer": null, "last_name": null, "latitude": null, "phone_number2": null, "phone_number": null, "email": null, "delivery_date": "2016-09-19"}, "model": "core.billingdetails", "pk": 29}, {"fields": {"address_line2": null, "address_line3": null, "first_name": null, "address_line1": null, "company": null, "longitude": null, "customer": null, "last_name": null, "latitude": null, "phone_number2": null, "phone_number": null, "email": null, "delivery_date": "2016-09-19"}, "model": "core.billingdetails", "pk": 30}, {"fields": {"address_line2": null, "address_line3": null, "first_name": null, "address_line1": null, "company": null, "longitude": null, "customer": null, "last_name": null, "latitude": null, "phone_number2": null, "phone_number": null, "email": null, "delivery_date": "2016-09-19"}, "model": "core.billingdetails", "pk": 31}, {"fields": {"address_line2": null, "address_line3": null, "first_name": null, "address_line1": null, "company": null, "longitude": null, "customer": null, "last_name": null, "latitude": null, "phone_number2": null, "phone_number": null, "email": null, "delivery_date": "2016-09-19"}, "model": "core.billingdetails", "pk": 32}, {"fields": {"address_line2": null, "address_line3": null, "first_name": null, "address_line1": null, "company": null, "longitude": null, "customer": null, "last_name": null, "latitude": null, "phone_number2": null, "phone_number": null, "email": null, "delivery_date": "2016-09-19"}, "model": "core.billingdetails", "pk": 33}, {"fields": {"address_line2": null, "address_line3": null, "first_name": null, "address_line1": null, "company": null, "longitude": null, "customer": null, "last_name": null, "latitude": null, "phone_number2": null, "phone_number": null, "email": null, "delivery_date": "2016-09-19"}, "model": "core.billingdetails", "pk": 34}, {"fields": {"address_line2": null, "address_line3": null, "first_name": null, "address_line1": null, "company": null, "longitude": null, "customer": null, "last_name": null, "latitude": null, "phone_number2": null, "phone_number": null, "email": null, "delivery_date": "2016-09-19"}, "model": "core.billingdetails", "pk": 35}, {"fields": {"address_line2": null, "address_line3": null, "first_name": null, "address_line1": null, "company": null, "longitude": null, "customer": null, "last_name": null, "latitude": null, "phone_number2": null, "phone_number": null, "email": null, "delivery_date": "2016-09-19"}, "model": "core.billingdetails", "pk": 36}, {"fields": {"address_line2": null, "address_line3": null, "first_name": null, "address_line1": null, "company": null, "longitude": null, "customer": null, "last_name": null, "latitude": null, "phone_number2": null, "phone_number": null, "email": null, "delivery_date": "2016-09-19"}, "model": "core.billingdetails", "pk": 37}, {"fields": {"address_line2": null, "address_line3": null, "first_name": null, "address_line1": null, "company": null, "longitude": null, "customer": null, "last_name": null, "latitude": null, "phone_number2": null, "phone_number": null, "email": null, "delivery_date": "2016-09-19"}, "model": "core.billingdetails", "pk": 38}, {"fields": {"address_line2": "", "address_line3": null, "first_name": "None", "address_line1": "", "company": null, "longitude": null, "customer": null, "last_name": "None", "latitude": null, "phone_number2": "", "phone_number": "", "email": "wanyaland@gmail.com", "delivery_date": "2016-09-23"}, "model": "core.billingdetails", "pk": 39}, {"fields": {"address_line2": "", "address_line3": null, "first_name": "Harold", "address_line1": "", "company": null, "longitude": null, "customer": null, "last_name": "Wanyama", "latitude": null, "phone_number2": "", "phone_number": "", "email": "wanyaland@gmail.com", "delivery_date": "2016-09-23"}, "model": "core.billingdetails", "pk": 40}, {"fields": {"address_line2": null, "address_line3": null, "first_name": null, "address_line1": null, "company": null, "longitude": null, "customer": null, "last_name": null, "latitude": null, "phone_number2": null, "phone_number": null, "email": null, "delivery_date": "2016-09-28"}, "model": "core.billingdetails", "pk": 41}, {"fields": {"address_line2": null, "address_line3": null, "first_name": null, "address_line1": null, "company": null, "longitude": null, "customer": null, "last_name": null, "latitude": null, "phone_number2": null, "phone_number": null, "email": null, "delivery_date": "2016-09-28"}, "model": "core.billingdetails", "pk": 42}, {"fields": {"address_line2": null, "address_line3": null, "first_name": null, "address_line1": null, "company": null, "longitude": null, "customer": null, "last_name": null, "latitude": null, "phone_number2": null, "phone_number": null, "email": null, "delivery_date": "2016-09-28"}, "model": "core.billingdetails", "pk": 43}, {"fields": {"address_line2": null, "address_line3": null, "first_name": null, "address_line1": null, "company": null, "longitude": null, "customer": null, "last_name": null, "latitude": null, "phone_number2": null, "phone_number": null, "email": null, "delivery_date": "2016-09-28"}, "model": "core.billingdetails", "pk": 44}, {"fields": {"address_line2": "Near Barracks", "address_line3": null, "first_name": "Jameson", "address_line1": "Makindye", "company": null, "longitude": null, "customer": null, "last_name": "Harry", "latitude": null, "phone_number2": "", "phone_number": "", "email": "wanyaland@gmail.com", "delivery_date": "2016-09-27"}, "model": "core.billingdetails", "pk": 45}, {"fields": {"address_line2": "Near Barracks", "address_line3": null, "first_name": "Jameson", "address_line1": "Makindye", "company": null, "longitude": null, "customer": null, "last_name": "Harry", "latitude": null, "phone_number2": "", "phone_number": "", "email": "wanyaland@gmail.com", "delivery_date": "2016-09-27"}, "model": "core.billingdetails", "pk": 46}, {"fields": {"address_line2": "Near Barracks", "address_line3": null, "first_name": "Jameson", "address_line1": "Makindye", "company": null, "longitude": null, "customer": null, "last_name": "Harry", "latitude": null, "phone_number2": "", "phone_number": "", "email": "wanyaland@gmail.com", "delivery_date": "2016-09-27"}, "model": "core.billingdetails", "pk": 47}, {"fields": {"address_line2": "Near Barracks", "address_line3": null, "first_name": "Jameson", "address_line1": "Makindye", "company": null, "longitude": null, "customer": null, "last_name": "Harry", "latitude": null, "phone_number2": "", "phone_number": "", "email": "wanyaland@gmail.com", "delivery_date": "2016-09-28"}, "model": "core.billingdetails", "pk": 48}, {"fields": {"address_line2": null, "address_line3": null, "first_name": null, "address_line1": null, "company": null, "longitude": null, "customer": null, "last_name": null, "latitude": null, "phone_number2": null, "phone_number": null, "email": null, "delivery_date": "2016-09-29"}, "model": "core.billingdetails", "pk": 49}, {"fields": {"address_line2": null, "address_line3": null, "first_name": null, "address_line1": null, "company": null, "longitude": null, "customer": null, "last_name": null, "latitude": null, "phone_number2": null, "phone_number": null, "email": null, "delivery_date": "2016-09-29"}, "model": "core.billingdetails", "pk": 50}, {"fields": {"address_line2": "Near Barracks", "address_line3": null, "first_name": "Jameson", "address_line1": "Makindye", "company": null, "longitude": null, "customer": null, "last_name": "Harry", "latitude": null, "phone_number2": "", "phone_number": "", "email": "wanyaland@gmail.com", "delivery_date": "2016-09-28"}, "model": "core.billingdetails", "pk": 51}, {"fields": {"payment_id": null, "self_collect": false, "checked_out": false, "creation_date": "2016-08-29T18:35:20.701Z", "payment_type": null, "billing_details": null}, "model": "core.cart", "pk": 1}, {"fields": {"payment_id": null, "self_collect": false, "checked_out": false, "creation_date": "2016-08-30T22:58:47.804Z", "payment_type": null, "billing_details": null}, "model": "core.cart", "pk": 2}, {"fields": {"payment_id": null, "self_collect": false, "checked_out": false, "creation_date": "2016-09-14T18:21:23.364Z", "payment_type": null, "billing_details": null}, "model": "core.cart", "pk": 3}, {"fields": {"payment_id": null, "self_collect": false, "checked_out": false, "creation_date": "2016-09-15T20:15:58.163Z", "payment_type": null, "billing_details": null}, "model": "core.cart", "pk": 4}, {"fields": {"payment_id": null, "self_collect": false, "checked_out": false, "creation_date": "2016-09-15T23:36:34.677Z", "payment_type": null, "billing_details": null}, "model": "core.cart", "pk": 5}, {"fields": {"payment_id": null, "self_collect": false, "checked_out": false, "creation_date": "2016-09-17T06:16:34.154Z", "payment_type": null, "billing_details": null}, "model": "core.cart", "pk": 6}, {"fields": {"payment_id": null, "self_collect": false, "checked_out": false, "creation_date": "2016-09-17T18:57:29.424Z", "payment_type": null, "billing_details": null}, "model": "core.cart", "pk": 7}, {"fields": {"payment_id": null, "self_collect": false, "checked_out": false, "creation_date": "2016-09-18T11:16:13.576Z", "payment_type": null, "billing_details": null}, "model": "core.cart", "pk": 8}, {"fields": {"payment_id": null, "self_collect": false, "checked_out": false, "creation_date": "2016-09-18T11:21:31.559Z", "payment_type": null, "billing_details": null}, "model": "core.cart", "pk": 9}, {"fields": {"payment_id": null, "self_collect": false, "checked_out": false, "creation_date": "2016-09-18T18:19:59.258Z", "payment_type": null, "billing_details": null}, "model": "core.cart", "pk": 10}, {"fields": {"payment_id": null, "self_collect": false, "checked_out": false, "creation_date": "2016-09-20T14:06:30.532Z", "payment_type": null, "billing_details": null}, "model": "core.cart", "pk": 11}, {"fields": {"payment_id": null, "self_collect": false, "checked_out": false, "creation_date": "2016-09-21T22:06:34.896Z", "payment_type": null, "billing_details": null}, "model": "core.cart", "pk": 12}, {"fields": {"payment_id": null, "self_collect": false, "checked_out": false, "creation_date": "2016-09-21T22:28:00.581Z", "payment_type": null, "billing_details": null}, "model": "core.cart", "pk": 13}, {"fields": {"payment_id": null, "self_collect": false, "checked_out": false, "creation_date": "2016-09-23T18:23:10.260Z", "payment_type": null, "billing_details": null}, "model": "core.cart", "pk": 14}, {"fields": {"payment_id": null, "self_collect": false, "checked_out": false, "creation_date": "2016-09-24T00:57:03.252Z", "payment_type": null, "billing_details": 50}, "model": "core.cart", "pk": 15}, {"fields": {"payment_id": null, "self_collect": false, "checked_out": false, "creation_date": "2016-09-26T07:37:40.690Z", "payment_type": null, "billing_details": null}, "model": "core.cart", "pk": 16}, {"fields": {"payment_id": null, "self_collect": false, "checked_out": false, "creation_date": "2016-09-28T14:22:29.513Z", "payment_type": null, "billing_details": null}, "model": "core.cart", "pk": 17}, {"fields": {"name": "Fillet steak Bento", "menu_type": "M", "image": "brown_food/2016/09/26/fillet_stake.JPG", "unit_price": "33000", "content": "Beef fillet steak 95g,\r\nTakikomi gohan 200g,\r\nGreen salad,potato salad,\r\nDessert of the day", "description": "Grilled, steamed beef tenderloin steak with red wine sauce\t\t\r\n\t\t\r\n\t\t\r\n\t\t\r\n"}, "model": "core.menuitem", "pk": 1}, {"fields": {"name": "Hamburg Bento", "menu_type": "M", "image": "brown_food/2016/09/26/hamburg.JPG", "unit_price": "25000", "content": "Stewed Hamburger 145g,\r\nSpaghetti peperoncino 180g,\r\nGreen salad,\r\npotato salad,\r\nDessert of the day", "description": "Juicy hamburger steak blended exquisitely with pork and beef\t\t\r\n\t\t\r\n\t\t\r\n\t\t\r\n"}, "model": "core.menuitem", "pk": 2}, {"fields": {"name": "Karaage Bento", "menu_type": "M", "image": "brown_food/2016/09/26/karaage.JPG", "unit_price": "35000", "content": "Deep-fried chicken 100g,\r\nVegetable fried rice 200g,\r\nGreen salad,potato salad\r\nDessert of the day", "description": "Deep fried chicken thigh with soaking in garlic soy sauce\t\t\r\n\t\t\r\n\t\t\r\n\t\t\r\n"}, "model": "core.menuitem", "pk": 3}, {"fields": {"name": "Beef Curry Bento", "menu_type": "M", "image": "brown_food/2016/09/26/beef_curry.JPG", "unit_price": "25000", "content": "Beef Curry 385g,\r\nSteamed rice 200g,\r\nDessert of the day,", "description": "Mild curry rice with pressure-cooked beef and plenty of vegetables\t\t\r\n\t\t\r\n\t\t\r\n"}, "model": "core.menuitem", "pk": 4}, {"fields": {"name": "Tonkatstu Bento", "menu_type": "M", "image": "brown_food/2016/09/26/tonkatsu.JPG", "unit_price": "35000", "content": "Pork cutlet 110g,\r\nSteamed rice 200g,\r\nGreen salad,potato salad,\r\nDessert of the day", "description": "Marinated pork cutlet coated home-made bread crumbs\t\t\r\n\t\t\r\n\t\t\r\n\t\t\r\n"}, "model": "core.menuitem", "pk": 5}, {"fields": {"name": "Fried fish Bento", "menu_type": "M", "image": "brown_food/2016/09/26/fried_fish.JPG", "unit_price": "33000", "content": "Deep-fried tilapia 120g,\r\nChirasi Sushi 200g,\r\nGreen salad,potato salad,\r\nDessert of the day,", "description": "Fried fresh tilapia fillet coated home-made bread crumbs\t\t\r\n\t\t\r\n\t\t\r\n\t\t\r\n"}, "model": "core.menuitem", "pk": 6}, {"fields": {"name": "Gyudon Bento", "menu_type": "M", "image": "brown_food/2016/09/26/gyuden.JPG", "unit_price": "25000", "content": "Beef bowl 390g,\r\nGreen salad,croquette,\r\nDessert of the day,", "description": "Rice bowl  topped with sliced beef, onion and special soy sauce\t\t\r\n\t\t\r\n\t\t\r\n\r\n"}, "model": "core.menuitem", "pk": 7}, {"fields": {"name": "Oyakodon Bento", "menu_type": "M", "image": "brown_food/2016/09/26/oyakodon.JPG", "unit_price": "25000", "content": "Chicken and egg bowl 450g,\r\nGreen salad,croquette,\r\nDessert of the day", "description": "Rice bowl topped with diced chicken and egg  sweet soy sauce\t\t\r\n\t\t\r\n\t\t\r\n"}, "model": "core.menuitem", "pk": 8}, {"fields": {"name": "Omlette Bento", "menu_type": "M", "image": "brown_food/2016/09/26/omlette.JPG", "unit_price": "22000", "content": "Cheese Omlette 175g,\r\nSpaghetti napolitan 180g,\r\nGreen salad,potato salad,\r\nDessert of the day", "description": "Melting cheese omlett of york eggs with baked mushroom\t\t\r\n\t\t\r\n\t\t\r\n\t\t\r\n"}, "model": "core.menuitem", "pk": 9}, {"fields": {"name": "Chirashi Sushi L 200g", "menu_type": "S", "image": "", "unit_price": "6000", "content": null, "description": "L 200g"}, "model": "core.menuitem", "pk": 11}, {"fields": {"name": "Chirashi Sushi ", "menu_type": "S", "image": "", "unit_price": "4000", "content": "S 100g", "description": "Vinegard rice with coooked mushroom and sliced fried eggs"}, "model": "core.menuitem", "pk": 12}, {"fields": {"name": "Takikomi gohan L 200g", "menu_type": "S", "image": "", "unit_price": "5000", "content": null, "description": ""}, "model": "core.menuitem", "pk": 13}, {"fields": {"name": "Takikomi gohan S 100g", "menu_type": "S", "image": "", "unit_price": "3000", "content": null, "description": ""}, "model": "core.menuitem", "pk": 14}, {"fields": {"name": "Potato Salad L 100g", "menu_type": "S", "image": "", "unit_price": "3000", "content": "", "description": ""}, "model": "core.menuitem", "pk": 15}, {"fields": {"name": "Potato Salad S 60g", "menu_type": "S", "image": "", "unit_price": "5000", "content": "", "description": ""}, "model": "core.menuitem", "pk": 16}, {"fields": {"name": "Spaghetti napolitan L 180g", "menu_type": "S", "image": "", "unit_price": "7500", "content": null, "description": ""}, "model": "core.menuitem", "pk": 17}, {"fields": {"name": "Spaghetti napolitan S 90g", "menu_type": "S", "image": "", "unit_price": "4000", "content": null, "description": ""}, "model": "core.menuitem", "pk": 18}, {"fields": {"name": "Spaghetti peperoncino L 180g", "menu_type": "S", "image": "", "unit_price": "8000", "content": null, "description": ""}, "model": "core.menuitem", "pk": 19}, {"fields": {"name": "Spaghetti peperoncino S 90g", "menu_type": "S", "image": "", "unit_price": "5000", "content": null, "description": ""}, "model": "core.menuitem", "pk": 20}, {"fields": {"menu_item": 1, "unit_price": 33000, "cart": 1, "quantity": 6}, "model": "core.cartitem", "pk": 1}, {"fields": {"menu_item": 3, "unit_price": 35000, "cart": 1, "quantity": 4}, "model": "core.cartitem", "pk": 2}, {"fields": {"menu_item": 2, "unit_price": 25000, "cart": 1, "quantity": 17}, "model": "core.cartitem", "pk": 3}, {"fields": {"menu_item": 5, "unit_price": 35000, "cart": 1, "quantity": 6}, "model": "core.cartitem", "pk": 4}, {"fields": {"menu_item": 4, "unit_price": 25000, "cart": 1, "quantity": 11}, "model": "core.cartitem", "pk": 5}, {"fields": {"menu_item": 1, "unit_price": 33000, "cart": 5, "quantity": 9}, "model": "core.cartitem", "pk": 6}, {"fields": {"menu_item": 2, "unit_price": 25000, "cart": 5, "quantity": 1}, "model": "core.cartitem", "pk": 7}, {"fields": {"menu_item": 3, "unit_price": 35000, "cart": 5, "quantity": 1}, "model": "core.cartitem", "pk": 8}, {"fields": {"menu_item": 1, "unit_price": 33000, "cart": 6, "quantity": 18}, "model": "core.cartitem", "pk": 9}, {"fields": {"menu_item": 2, "unit_price": 25000, "cart": 6, "quantity": 13}, "model": "core.cartitem", "pk": 10}, {"fields": {"menu_item": 3, "unit_price": 35000, "cart": 6, "quantity": 3}, "model": "core.cartitem", "pk": 11}, {"fields": {"menu_item": 7, "unit_price": 25000, "cart": 6, "quantity": 3}, "model": "core.cartitem", "pk": 12}, {"fields": {"menu_item": 8, "unit_price": 25000, "cart": 6, "quantity": 7}, "model": "core.cartitem", "pk": 13}, {"fields": {"menu_item": 1, "unit_price": 33000, "cart": 7, "quantity": 6}, "model": "core.cartitem", "pk": 14}, {"fields": {"menu_item": 9, "unit_price": 22000, "cart": 6, "quantity": 44}, "model": "core.cartitem", "pk": 15}, {"fields": {"menu_item": 1, "unit_price": 33000, "cart": 8, "quantity": 3}, "model": "core.cartitem", "pk": 17}, {"fields": {"menu_item": 2, "unit_price": 25000, "cart": 8, "quantity": 0}, "model": "core.cartitem", "pk": 18}, {"fields": {"menu_item": 3, "unit_price": 35000, "cart": 8, "quantity": 0}, "model": "core.cartitem", "pk": 19}, {"fields": {"menu_item": 1, "unit_price": 33000, "cart": 9, "quantity": 3}, "model": "core.cartitem", "pk": 20}, {"fields": {"menu_item": 1, "unit_price": 33000, "cart": 10, "quantity": 149}, "model": "core.cartitem", "pk": 21}, {"fields": {"menu_item": 2, "unit_price": 25000, "cart": 10, "quantity": 14}, "model": "core.cartitem", "pk": 22}, {"fields": {"menu_item": 3, "unit_price": 35000, "cart": 10, "quantity": 13}, "model": "core.cartitem", "pk": 23}, {"fields": {"menu_item": 7, "unit_price": 25000, "cart": 10, "quantity": 0}, "model": "core.cartitem", "pk": 24}, {"fields": {"menu_item": 4, "unit_price": 25000, "cart": 10, "quantity": 6}, "model": "core.cartitem", "pk": 25}, {"fields": {"menu_item": 5, "unit_price": 35000, "cart": 10, "quantity": 4}, "model": "core.cartitem", "pk": 26}, {"fields": {"menu_item": 11, "unit_price": 6000, "cart": 10, "quantity": 8}, "model": "core.cartitem", "pk": 27}, {"fields": {"menu_item": 1, "unit_price": 33000, "cart": 11, "quantity": 48}, "model": "core.cartitem", "pk": 28}, {"fields": {"menu_item": 2, "unit_price": 25000, "cart": 11, "quantity": 16}, "model": "core.cartitem", "pk": 29}, {"fields": {"menu_item": 3, "unit_price": 35000, "cart": 11, "quantity": 3}, "model": "core.cartitem", "pk": 30}, {"fields": {"menu_item": 4, "unit_price": 25000, "cart": 11, "quantity": 8}, "model": "core.cartitem", "pk": 31}, {"fields": {"menu_item": 1, "unit_price": 33000, "cart": 13, "quantity": 39}, "model": "core.cartitem", "pk": 32}, {"fields": {"menu_item": 1, "unit_price": 33000, "cart": 12, "quantity": 3}, "model": "core.cartitem", "pk": 33}, {"fields": {"menu_item": 2, "unit_price": 25000, "cart": 12, "quantity": 4}, "model": "core.cartitem", "pk": 34}, {"fields": {"menu_item": 1, "unit_price": 33000, "cart": 15, "quantity": 36}, "model": "core.cartitem", "pk": 35}, {"fields": {"menu_item": 2, "unit_price": 25000, "cart": 15, "quantity": 19}, "model": "core.cartitem", "pk": 36}, {"fields": {"menu_item": 7, "unit_price": 25000, "cart": 15, "quantity": 6}, "model": "core.cartitem", "pk": 37}, {"fields": {"menu_item": 3, "unit_price": 35000, "cart": 15, "quantity": 7}, "model": "core.cartitem", "pk": 38}, {"fields": {"menu_item": 5, "unit_price": 35000, "cart": 15, "quantity": 2}, "model": "core.cartitem", "pk": 39}, {"fields": {"menu_item": 4, "unit_price": 25000, "cart": 15, "quantity": 3}, "model": "core.cartitem", "pk": 40}, {"fields": {"menu_item": 6, "unit_price": 33000, "cart": 15, "quantity": 6}, "model": "core.cartitem", "pk": 41}, {"fields": {"menu_item": 12, "unit_price": 4000, "cart": 15, "quantity": 3}, "model": "core.cartitem", "pk": 42}, {"fields": {"menu_item": 13, "unit_price": 5000, "cart": 15, "quantity": 2}, "model": "core.cartitem", "pk": 43}, {"fields": {"menu_item": 1, "unit_price": 33000, "cart": 17, "quantity": 1}, "model": "core.cartitem", "pk": 44}, {"fields": {"menu_item": 2, "unit_price": 25000, "cart": 17, "quantity": 2}, "model": "core.cartitem", "pk": 45}, {"fields": {"menu_item": 11, "unit_price": 6000, "cart": 17, "quantity": 2}, "model": "core.cartitem", "pk": 46}, {"fields": {"codename": "add_logentry", "name": "Can add log entry", "content_type": 1}, "model": "auth.permission", "pk": 1}, {"fields": {"codename": "change_logentry", "name": "Can change log entry", "content_type": 1}, "model": "auth.permission", "pk": 2}, {"fields": {"codename": "delete_logentry", "name": "Can delete log entry", "content_type": 1}, "model": "auth.permission", "pk": 3}, {"fields": {"codename": "add_permission", "name": "Can add permission", "content_type": 2}, "model": "auth.permission", "pk": 4}, {"fields": {"codename": "change_permission", "name": "Can change permission", "content_type": 2}, "model": "auth.permission", "pk": 5}, {"fields": {"codename": "delete_permission", "name": "Can delete permission", "content_type": 2}, "model": "auth.permission", "pk": 6}, {"fields": {"codename": "add_group", "name": "Can add group", "content_type": 3}, "model": "auth.permission", "pk": 7}, {"fields": {"codename": "change_group", "name": "Can change group", "content_type": 3}, "model": "auth.permission", "pk": 8}, {"fields": {"codename": "delete_group", "name": "Can delete group", "content_type": 3}, "model": "auth.permission", "pk": 9}, {"fields": {"codename": "add_contenttype", "name": "Can add content type", "content_type": 5}, "model": "auth.permission", "pk": 13}, {"fields": {"codename": "change_contenttype", "name": "Can change content type", "content_type": 5}, "model": "auth.permission", "pk": 14}, {"fields": {"codename": "delete_contenttype", "name": "Can delete content type", "content_type": 5}, "model": "auth.permission", "pk": 15}, {"fields": {"codename": "add_session", "name": "Can add session", "content_type": 6}, "model": "auth.permission", "pk": 16}, {"fields": {"codename": "change_session", "name": "Can change session", "content_type": 6}, "model": "auth.permission", "pk": 17}, {"fields": {"codename": "delete_session", "name": "Can delete session", "content_type": 6}, "model": "auth.permission", "pk": 18}, {"fields": {"codename": "add_billingdetails", "name": "Can add billing details", "content_type": 7}, "model": "auth.permission", "pk": 19}, {"fields": {"codename": "change_billingdetails", "name": "Can change billing details", "content_type": 7}, "model": "auth.permission", "pk": 20}, {"fields": {"codename": "delete_billingdetails", "name": "Can delete billing details", "content_type": 7}, "model": "auth.permission", "pk": 21}, {"fields": {"codename": "add_cart", "name": "Can add cart", "content_type": 8}, "model": "auth.permission", "pk": 22}, {"fields": {"codename": "change_cart", "name": "Can change cart", "content_type": 8}, "model": "auth.permission", "pk": 23}, {"fields": {"codename": "delete_cart", "name": "Can delete cart", "content_type": 8}, "model": "auth.permission", "pk": 24}, {"fields": {"codename": "add_menuitem", "name": "Can add menu item", "content_type": 9}, "model": "auth.permission", "pk": 25}, {"fields": {"codename": "change_menuitem", "name": "Can change menu item", "content_type": 9}, "model": "auth.permission", "pk": 26}, {"fields": {"codename": "delete_menuitem", "name": "Can delete menu item", "content_type": 9}, "model": "auth.permission", "pk": 27}, {"fields": {"codename": "add_cartitem", "name": "Can add cart item", "content_type": 10}, "model": "auth.permission", "pk": 28}, {"fields": {"codename": "change_cartitem", "name": "Can change cart item", "content_type": 10}, "model": "auth.permission", "pk": 29}, {"fields": {"codename": "delete_cartitem", "name": "Can delete cart item", "content_type": 10}, "model": "auth.permission", "pk": 30}, {"fields": {"codename": "add_basket", "name": "Can add basket", "content_type": 11}, "model": "auth.permission", "pk": 31}, {"fields": {"codename": "change_basket", "name": "Can change basket", "content_type": 11}, "model": "auth.permission", "pk": 32}, {"fields": {"codename": "delete_basket", "name": "Can delete basket", "content_type": 11}, "model": "auth.permission", "pk": 33}, {"fields": {"codename": "add_customer", "name": "Can add customer", "content_type": 12}, "model": "auth.permission", "pk": 34}, {"fields": {"codename": "change_customer", "name": "Can change customer", "content_type": 12}, "model": "auth.permission", "pk": 35}, {"fields": {"codename": "delete_customer", "name": "Can delete customer", "content_type": 12}, "model": "auth.permission", "pk": 36}, {"fields": {"codename": "add_transaction", "name": "Can add transaction", "content_type": 14}, "model": "auth.permission", "pk": 40}, {"fields": {"codename": "change_transaction", "name": "Can change transaction", "content_type": 14}, "model": "auth.permission", "pk": 41}, {"fields": {"codename": "delete_transaction", "name": "Can delete transaction", "content_type": 14}, "model": "auth.permission", "pk": 42}, {"fields": {"codename": "add_pesapal", "name": "Can add pesa pal", "content_type": 15}, "model": "auth.permission", "pk": 43}, {"fields": {"codename": "change_pesapal", "name": "Can change pesa pal", "content_type": 15}, "model": "auth.permission", "pk": 44}, {"fields": {"codename": "delete_pesapal", "name": "Can delete pesa pal", "content_type": 15}, "model": "auth.permission", "pk": 45}, {"fields": {"action_flag": 1, "action_time": "2016-08-29T18:25:11.317Z", "object_repr": "Fillet steak Bento", "object_id": "1", "change_message": "", "user": 1, "content_type": 9}, "model": "admin.logentry", "pk": 1}, {"fields": {"action_flag": 1, "action_time": "2016-08-29T18:26:20.538Z", "object_repr": "Hamburg Bento", "object_id": "2", "change_message": "", "user": 1, "content_type": 9}, "model": "admin.logentry", "pk": 2}, {"fields": {"action_flag": 1, "action_time": "2016-08-29T18:27:04.218Z", "object_repr": "Karaage Bento", "object_id": "3", "change_message": "", "user": 1, "content_type": 9}, "model": "admin.logentry", "pk": 3}, {"fields": {"action_flag": 1, "action_time": "2016-08-29T18:27:58.778Z", "object_repr": "Beef Curry Bento", "object_id": "4", "change_message": "", "user": 1, "content_type": 9}, "model": "admin.logentry", "pk": 4}, {"fields": {"action_flag": 1, "action_time": "2016-08-29T18:35:02.617Z", "object_repr": "Tonkatstu Bento", "object_id": "5", "change_message": "", "user": 1, "content_type": 9}, "model": "admin.logentry", "pk": 5}, {"fields": {"action_flag": 2, "action_time": "2016-09-14T21:51:15.758Z", "object_repr": "Fillet steak Bento", "object_id": "1", "change_message": "Changed description.", "user": 1, "content_type": 9}, "model": "admin.logentry", "pk": 6}, {"fields": {"action_flag": 2, "action_time": "2016-09-14T21:52:20.352Z", "object_repr": "Fillet steak Bento", "object_id": "1", "change_message": "Changed description.", "user": 1, "content_type": 9}, "model": "admin.logentry", "pk": 7}, {"fields": {"action_flag": 2, "action_time": "2016-09-14T21:53:10.622Z", "object_repr": "Hamburg Bento", "object_id": "2", "change_message": "Changed description.", "user": 1, "content_type": 9}, "model": "admin.logentry", "pk": 8}, {"fields": {"action_flag": 2, "action_time": "2016-09-14T21:53:47.878Z", "object_repr": "Beef Curry Bento", "object_id": "4", "change_message": "Changed description.", "user": 1, "content_type": 9}, "model": "admin.logentry", "pk": 9}, {"fields": {"action_flag": 2, "action_time": "2016-09-14T21:54:19.408Z", "object_repr": "Karaage Bento", "object_id": "3", "change_message": "Changed description.", "user": 1, "content_type": 9}, "model": "admin.logentry", "pk": 10}, {"fields": {"action_flag": 2, "action_time": "2016-09-15T04:32:49.571Z", "object_repr": "Fillet steak Bento", "object_id": "1", "change_message": "Changed description.", "user": 1, "content_type": 9}, "model": "admin.logentry", "pk": 11}, {"fields": {"action_flag": 2, "action_time": "2016-09-15T04:34:29.218Z", "object_repr": "Tonkatstu Bento", "object_id": "5", "change_message": "Changed description.", "user": 1, "content_type": 9}, "model": "admin.logentry", "pk": 12}, {"fields": {"action_flag": 2, "action_time": "2016-09-15T04:35:38.851Z", "object_repr": "Beef Curry Bento", "object_id": "4", "change_message": "Changed description.", "user": 1, "content_type": 9}, "model": "admin.logentry", "pk": 13}, {"fields": {"action_flag": 2, "action_time": "2016-09-15T04:37:42.015Z", "object_repr": "Karaage Bento", "object_id": "3", "change_message": "Changed description.", "user": 1, "content_type": 9}, "model": "admin.logentry", "pk": 14}, {"fields": {"action_flag": 2, "action_time": "2016-09-15T04:39:10.287Z", "object_repr": "Hamburg Bento", "object_id": "2", "change_message": "Changed description.", "user": 1, "content_type": 9}, "model": "admin.logentry", "pk": 15}, {"fields": {"action_flag": 2, "action_time": "2016-09-15T04:39:28.498Z", "object_repr": "Fillet steak Bento", "object_id": "1", "change_message": "No fields changed.", "user": 1, "content_type": 9}, "model": "admin.logentry", "pk": 16}, {"fields": {"action_flag": 1, "action_time": "2016-09-15T04:45:55.374Z", "object_repr": "Fried fish Bento", "object_id": "6", "change_message": "", "user": 1, "content_type": 9}, "model": "admin.logentry", "pk": 17}, {"fields": {"action_flag": 1, "action_time": "2016-09-15T04:48:00.428Z", "object_repr": "Gyudon Bento", "object_id": "7", "change_message": "", "user": 1, "content_type": 9}, "model": "admin.logentry", "pk": 18}, {"fields": {"action_flag": 1, "action_time": "2016-09-15T04:49:42.254Z", "object_repr": "Oyakodon Bento", "object_id": "8", "change_message": "", "user": 1, "content_type": 9}, "model": "admin.logentry", "pk": 19}, {"fields": {"action_flag": 1, "action_time": "2016-09-15T04:50:58.793Z", "object_repr": "Omlette Bento", "object_id": "9", "change_message": "", "user": 1, "content_type": 9}, "model": "admin.logentry", "pk": 20}, {"fields": {"action_flag": 1, "action_time": "2016-09-15T04:52:29.829Z", "object_repr": "Okonomiyaki Bento", "object_id": "10", "change_message": "", "user": 1, "content_type": 9}, "model": "admin.logentry", "pk": 21}, {"fields": {"action_flag": 2, "action_time": "2016-09-16T13:44:30.230Z", "object_repr": "Okonomiyaki Bento", "object_id": "10", "change_message": "Changed menu_type.", "user": 1, "content_type": 9}, "model": "admin.logentry", "pk": 22}, {"fields": {"action_flag": 2, "action_time": "2016-09-16T13:45:06.555Z", "object_repr": "Omlette Bento", "object_id": "9", "change_message": "Changed menu_type.", "user": 1, "content_type": 9}, "model": "admin.logentry", "pk": 23}, {"fields": {"action_flag": 2, "action_time": "2016-09-16T13:45:16.266Z", "object_repr": "Oyakodon Bento", "object_id": "8", "change_message": "Changed menu_type.", "user": 1, "content_type": 9}, "model": "admin.logentry", "pk": 24}, {"fields": {"action_flag": 2, "action_time": "2016-09-16T13:45:26.720Z", "object_repr": "Gyudon Bento", "object_id": "7", "change_message": "Changed menu_type.", "user": 1, "content_type": 9}, "model": "admin.logentry", "pk": 25}, {"fields": {"action_flag": 2, "action_time": "2016-09-16T13:45:36.339Z", "object_repr": "Fried fish Bento", "object_id": "6", "change_message": "Changed menu_type.", "user": 1, "content_type": 9}, "model": "admin.logentry", "pk": 26}, {"fields": {"action_flag": 2, "action_time": "2016-09-16T13:45:51.957Z", "object_repr": "Karaage Bento", "object_id": "3", "change_message": "Changed menu_type.", "user": 1, "content_type": 9}, "model": "admin.logentry", "pk": 27}, {"fields": {"action_flag": 2, "action_time": "2016-09-16T13:46:02.870Z", "object_repr": "Fillet steak Bento", "object_id": "1", "change_message": "Changed menu_type.", "user": 1, "content_type": 9}, "model": "admin.logentry", "pk": 28}, {"fields": {"action_flag": 2, "action_time": "2016-09-16T13:46:12.947Z", "object_repr": "Hamburg Bento", "object_id": "2", "change_message": "Changed menu_type.", "user": 1, "content_type": 9}, "model": "admin.logentry", "pk": 29}, {"fields": {"action_flag": 2, "action_time": "2016-09-16T13:46:21.665Z", "object_repr": "Karaage Bento", "object_id": "3", "change_message": "No fields changed.", "user": 1, "content_type": 9}, "model": "admin.logentry", "pk": 30}, {"fields": {"action_flag": 1, "action_time": "2016-09-16T14:10:51.884Z", "object_repr": "Chirashi Sushi ", "object_id": "11", "change_message": "", "user": 1, "content_type": 9}, "model": "admin.logentry", "pk": 31}, {"fields": {"action_flag": 1, "action_time": "2016-09-16T14:11:36.475Z", "object_repr": "Chirashi Sushi", "object_id": "12", "change_message": "", "user": 1, "content_type": 9}, "model": "admin.logentry", "pk": 32}, {"fields": {"action_flag": 2, "action_time": "2016-09-16T14:12:22.800Z", "object_repr": "Chirashi Sushi S 100g", "object_id": "12", "change_message": "Changed name.", "user": 1, "content_type": 9}, "model": "admin.logentry", "pk": 33}, {"fields": {"action_flag": 2, "action_time": "2016-09-16T14:12:35.409Z", "object_repr": "Chirashi Sushi L 200g", "object_id": "11", "change_message": "Changed name.", "user": 1, "content_type": 9}, "model": "admin.logentry", "pk": 34}, {"fields": {"action_flag": 1, "action_time": "2016-09-16T14:13:00.170Z", "object_repr": "Takikomi gohan L 200g", "object_id": "13", "change_message": "", "user": 1, "content_type": 9}, "model": "admin.logentry", "pk": 35}, {"fields": {"action_flag": 1, "action_time": "2016-09-16T14:13:22.461Z", "object_repr": "Takikomi gohan S 100g", "object_id": "14", "change_message": "", "user": 1, "content_type": 9}, "model": "admin.logentry", "pk": 36}, {"fields": {"action_flag": 1, "action_time": "2016-09-16T14:13:48.754Z", "object_repr": "Vegetable fried rice L 200g", "object_id": "15", "change_message": "", "user": 1, "content_type": 9}, "model": "admin.logentry", "pk": 37}, {"fields": {"action_flag": 1, "action_time": "2016-09-16T14:14:46.182Z", "object_repr": "Vegetable fried rice S 100g", "object_id": "16", "change_message": "", "user": 1, "content_type": 9}, "model": "admin.logentry", "pk": 38}, {"fields": {"action_flag": 1, "action_time": "2016-09-16T14:15:19.380Z", "object_repr": "Spaghetti napolitan L 180g", "object_id": "17", "change_message": "", "user": 1, "content_type": 9}, "model": "admin.logentry", "pk": 39}, {"fields": {"action_flag": 1, "action_time": "2016-09-16T14:15:48.925Z", "object_repr": "Spaghetti napolitan S 90g", "object_id": "18", "change_message": "", "user": 1, "content_type": 9}, "model": "admin.logentry", "pk": 40}, {"fields": {"action_flag": 1, "action_time": "2016-09-16T14:16:18.283Z", "object_repr": "Spaghetti peperoncino L 180g", "object_id": "19", "change_message": "", "user": 1, "content_type": 9}, "model": "admin.logentry", "pk": 41}, {"fields": {"action_flag": 1, "action_time": "2016-09-16T14:16:42.693Z", "object_repr": "Spaghetti peperoncino S 90g", "object_id": "20", "change_message": "", "user": 1, "content_type": 9}, "model": "admin.logentry", "pk": 42}, {"fields": {"action_flag": 2, "action_time": "2016-09-17T11:08:23.407Z", "object_repr": "Tonkatstu Bento", "object_id": "5", "change_message": "Changed menu_type.", "user": 1, "content_type": 9}, "model": "admin.logentry", "pk": 43}, {"fields": {"action_flag": 2, "action_time": "2016-09-17T11:08:34.569Z", "object_repr": "Beef Curry Bento", "object_id": "4", "change_message": "Changed menu_type.", "user": 1, "content_type": 9}, "model": "admin.logentry", "pk": 44}, {"fields": {"action_flag": 2, "action_time": "2016-09-19T23:59:48.522Z", "object_repr": "Fillet steak Bento", "object_id": "1", "change_message": "Changed description and content.", "user": 1, "content_type": 9}, "model": "admin.logentry", "pk": 45}, {"fields": {"action_flag": 2, "action_time": "2016-09-20T00:00:37.829Z", "object_repr": "Hamburg Bento", "object_id": "2", "change_message": "Changed description and content.", "user": 1, "content_type": 9}, "model": "admin.logentry", "pk": 46}, {"fields": {"action_flag": 2, "action_time": "2016-09-20T00:01:02.421Z", "object_repr": "Karaage Bento", "object_id": "3", "change_message": "Changed description and content.", "user": 1, "content_type": 9}, "model": "admin.logentry", "pk": 47}, {"fields": {"action_flag": 2, "action_time": "2016-09-20T00:01:35.575Z", "object_repr": "Beef Curry Bento", "object_id": "4", "change_message": "Changed description and content.", "user": 1, "content_type": 9}, "model": "admin.logentry", "pk": 48}, {"fields": {"action_flag": 2, "action_time": "2016-09-20T00:02:07.924Z", "object_repr": "Tonkatstu Bento", "object_id": "5", "change_message": "Changed description and content.", "user": 1, "content_type": 9}, "model": "admin.logentry", "pk": 49}, {"fields": {"action_flag": 2, "action_time": "2016-09-20T00:02:34.976Z", "object_repr": "Fried fish Bento", "object_id": "6", "change_message": "Changed description and content.", "user": 1, "content_type": 9}, "model": "admin.logentry", "pk": 50}, {"fields": {"action_flag": 2, "action_time": "2016-09-20T00:03:09.868Z", "object_repr": "Gyudon Bento", "object_id": "7", "change_message": "Changed description and content.", "user": 1, "content_type": 9}, "model": "admin.logentry", "pk": 51}, {"fields": {"action_flag": 2, "action_time": "2016-09-20T00:03:39.802Z", "object_repr": "Oyakodon Bento", "object_id": "8", "change_message": "Changed description and content.", "user": 1, "content_type": 9}, "model": "admin.logentry", "pk": 52}, {"fields": {"action_flag": 2, "action_time": "2016-09-20T00:04:18.194Z", "object_repr": "Omlette Bento", "object_id": "9", "change_message": "Changed description and content.", "user": 1, "content_type": 9}, "model": "admin.logentry", "pk": 53}, {"fields": {"action_flag": 2, "action_time": "2016-09-20T00:04:45.447Z", "object_repr": "Okonomiyaki Bento", "object_id": "10", "change_message": "Changed description and content.", "user": 1, "content_type": 9}, "model": "admin.logentry", "pk": 54}, {"fields": {"action_flag": 2, "action_time": "2016-09-26T09:09:44.912Z", "object_repr": "Okonomiyaki Bento", "object_id": "10", "change_message": "Changed image.", "user": 1, "content_type": 9}, "model": "admin.logentry", "pk": 55}, {"fields": {"action_flag": 2, "action_time": "2016-09-26T09:10:08.611Z", "object_repr": "Omlette Bento", "object_id": "9", "change_message": "Changed image.", "user": 1, "content_type": 9}, "model": "admin.logentry", "pk": 56}, {"fields": {"action_flag": 2, "action_time": "2016-09-26T09:10:26.722Z", "object_repr": "Oyakodon Bento", "object_id": "8", "change_message": "Changed image.", "user": 1, "content_type": 9}, "model": "admin.logentry", "pk": 57}, {"fields": {"action_flag": 2, "action_time": "2016-09-26T09:10:47.875Z", "object_repr": "Gyudon Bento", "object_id": "7", "change_message": "Changed image.", "user": 1, "content_type": 9}, "model": "admin.logentry", "pk": 58}, {"fields": {"action_flag": 2, "action_time": "2016-09-26T09:11:06.664Z", "object_repr": "Fried fish Bento", "object_id": "6", "change_message": "Changed image.", "user": 1, "content_type": 9}, "model": "admin.logentry", "pk": 59}, {"fields": {"action_flag": 2, "action_time": "2016-09-26T09:11:28.730Z", "object_repr": "Tonkatstu Bento", "object_id": "5", "change_message": "Changed image.", "user": 1, "content_type": 9}, "model": "admin.logentry", "pk": 60}, {"fields": {"action_flag": 2, "action_time": "2016-09-26T09:11:48.299Z", "object_repr": "Beef Curry Bento", "object_id": "4", "change_message": "Changed image.", "user": 1, "content_type": 9}, "model": "admin.logentry", "pk": 61}, {"fields": {"action_flag": 2, "action_time": "2016-09-26T09:12:07.105Z", "object_repr": "Karaage Bento", "object_id": "3", "change_message": "Changed image.", "user": 1, "content_type": 9}, "model": "admin.logentry", "pk": 62}, {"fields": {"action_flag": 2, "action_time": "2016-09-26T09:12:25.071Z", "object_repr": "Hamburg Bento", "object_id": "2", "change_message": "Changed image.", "user": 1, "content_type": 9}, "model": "admin.logentry", "pk": 63}, {"fields": {"action_flag": 2, "action_time": "2016-09-26T09:12:47.332Z", "object_repr": "Fillet steak Bento", "object_id": "1", "change_message": "Changed image.", "user": 1, "content_type": 9}, "model": "admin.logentry", "pk": 64}, {"fields": {"action_flag": 2, "action_time": "2016-09-26T09:19:59.651Z", "object_repr": "Potato Salad L 100g", "object_id": "15", "change_message": "Changed name and unit_price.", "user": 1, "content_type": 9}, "model": "admin.logentry", "pk": 65}, {"fields": {"action_flag": 2, "action_time": "2016-09-26T09:20:41.867Z", "object_repr": "Potato Salad S 60g", "object_id": "16", "change_message": "Changed name.", "user": 1, "content_type": 9}, "model": "admin.logentry", "pk": 66}, {"fields": {"action_flag": 2, "action_time": "2016-09-27T11:38:42.362Z", "object_repr": "Chirashi Sushi S 100g", "object_id": "12", "change_message": "Changed description and content.", "user": 1, "content_type": 9}, "model": "admin.logentry", "pk": 67}, {"fields": {"action_flag": 2, "action_time": "2016-09-27T12:00:03.085Z", "object_repr": "Chirashi Sushi ", "object_id": "12", "change_message": "Changed name.", "user": 1, "content_type": 9}, "model": "admin.logentry", "pk": 68}, {"fields": {"action_flag": 2, "action_time": "2016-09-27T14:10:41.759Z", "object_repr": "Okonomiyaki Bento", "object_id": "10", "change_message": "Changed image.", "user": 1, "content_type": 9}, "model": "admin.logentry", "pk": 69}, {"fields": {"action_flag": 3, "action_time": "2016-09-28T11:11:52.478Z", "object_repr": "Okonomiyaki Bento", "object_id": "10", "change_message": "", "user": 1, "content_type": 9}, "model": "admin.logentry", "pk": 70}]